,model_CA_1_FOODS_1,model_CA_1_FOODS_2,model_CA_1_FOODS_3,model_CA_1_HOBBIES_1,model_CA_1_HOBBIES_2,model_CA_1_HOUSEHOLD_1,model_CA_1_HOUSEHOLD_2,model_CA_2_FOODS_1,model_CA_2_FOODS_2,model_CA_2_FOODS_3,model_CA_2_HOBBIES_1,model_CA_2_HOBBIES_2,model_CA_2_HOUSEHOLD_1,model_CA_2_HOUSEHOLD_2,model_CA_3_FOODS_1,model_CA_3_FOODS_2,model_CA_3_FOODS_3,model_CA_3_HOBBIES_1,model_CA_3_HOBBIES_2,model_CA_3_HOUSEHOLD_1,model_CA_3_HOUSEHOLD_2,model_CA_4_FOODS_1,model_CA_4_FOODS_2,model_CA_4_FOODS_3,model_CA_4_HOBBIES_1,model_CA_4_HOBBIES_2,model_CA_4_HOUSEHOLD_1,model_CA_4_HOUSEHOLD_2,model_TX_1_FOODS_1,model_TX_1_FOODS_2,model_TX_1_FOODS_3,model_TX_1_HOBBIES_1,model_TX_1_HOBBIES_2,model_TX_1_HOUSEHOLD_1,model_TX_1_HOUSEHOLD_2,model_TX_2_FOODS_1,model_TX_2_FOODS_2,model_TX_2_FOODS_3,model_TX_2_HOBBIES_1,model_TX_2_HOBBIES_2,model_TX_2_HOUSEHOLD_1,model_TX_2_HOUSEHOLD_2,model_TX_3_FOODS_1,model_TX_3_FOODS_2,model_TX_3_FOODS_3,model_TX_3_HOBBIES_1,model_TX_3_HOBBIES_2,model_TX_3_HOUSEHOLD_1,model_TX_3_HOUSEHOLD_2,model_WI_1_FOODS_1,model_WI_1_FOODS_2,model_WI_1_FOODS_3,model_WI_1_HOBBIES_1
2016-04-25,319.64156723894985,671.2594533357498,2553.059455794872,532.9284060698252,46.25344558568798,960.4093641197562,322.2124548956723,473.5888528975671,662.262825127838,2710.807344554064,273.2242583307944,50.06989438618865,912.5172847896154,284.09027353839156,393.9061326271279,811.9582434848652,3010.279207551504,599.6594024200775,73.82968229087237,1604.980576601131,345.70707172038044,256.273490266119,361.35950900934046,1350.995106603516,370.3551772861414,11.409536578997114,456.1110028596353,152.92790040659594,214.71920199986874,396.97096977213357,1718.5104020608862,265.3406293776903,32.201308919203946,932.2776053789473,227.82478146879996,240.7183495474942,440.5063489645616,2051.1817811429382,337.07737081363166,45.086314912295904,762.4436516103617,239.96176069966765,248.38773701508816,432.1019856404577,1736.7015410296099,368.4613473553157,59.27214661626443,845.993488655914,181.77781616952703,303.20721918020695,766.0918910726467,1677.1686908838074,375.60641767862097
2016-04-26,311.47440469601133,591.5408194036222,2431.0046032386717,477.5862209260003,42.43725004074887,879.8333857858222,302.4966883941227,468.97611273401185,896.5820829515665,2711.614689108128,333.63796758476576,52.705623138516074,784.0951174081926,232.00592203973508,398.7558138854659,694.3217704944185,2519.2020935393693,594.6125572064587,75.80156028428752,1402.499807738971,336.7619539542967,217.18641367810744,309.1407049989084,1338.9833624519542,381.0897192643213,26.60718162417794,397.71237475713576,147.93045043716214,219.90086005233073,336.61378235347473,1390.4445542211938,250.8574309090538,33.73023362495649,859.5753132755201,224.41730608123484,239.85138281994688,417.36548139104485,1884.778927475561,331.55057544811456,44.88653225270904,695.6281476151166,235.1107767596538,259.0916842690082,428.8902067577421,1728.9341632875849,346.32057291378834,59.29232277671647,852.1222028605007,174.3554725825374,316.6368724501126,739.0153060923896,1206.778733120232,334.02898743241724
2016-04-27,300.4523433682607,632.4135916933201,2500.923664705976,500.93810360617687,44.80063014021533,859.2231359115461,295.98383921789963,437.54504118826856,902.4326020745217,2712.422033662192,343.2975286748319,53.856584963005176,778.0952016335882,268.08148846697185,380.72971357352975,592.6199743575762,2268.61320389742,580.7651053141525,74.49091833379873,1361.0238261346485,371.206907844878,233.43395434366795,289.6737250147608,1332.8523680412611,356.5900680334595,17.678636040296567,381.7117072846995,149.06534096052022,216.7419239577511,355.8893376297127,1447.7845630377863,250.8574309090538,31.849275558434236,861.8457766229915,221.45865734562224,254.41991382557316,447.26022919625507,1785.6047733209555,330.27373138660533,44.57707021544919,687.2452156777711,240.69945839424372,262.25177729849986,429.95216437958646,1737.2058617276628,345.4892889690131,59.3124989371685,848.1388546197496,169.09820926112602,320.11688155881836,756.4005525317567,1214.5803060044368,317.9028329750597
2016-04-28,322.65053636318737,583.9367153152812,2555.3093147088707,502.80238474004557,43.00833882877802,783.4380847653256,306.07221079546696,449.1296253994158,925.3267947884967,2713.229378216256,359.73543252400566,53.77692326286359,670.2638687065801,291.9231121721897,369.6841384829187,566.9580862698551,2380.6267089482317,602.179982300428,75.23183781025112,1470.7013463704359,338.6435656819978,263.1504857598706,288.92421244265756,1306.7018000446317,376.60142035201306,16.57127350328824,370.4603250973239,143.97212696251154,214.70073564054542,337.96856922241284,1421.1678322716257,250.8574309090538,31.545082957691463,885.3965085088853,216.3570443746659,245.08304845144022,460.67800857492944,2014.8186687188793,329.97874475337784,44.419620942285206,719.2043198948023,231.5755555951137,266.56017005172475,426.93273679198853,1719.1095817016278,335.7577204661625,59.33267509762054,843.8276793691894,166.19251842984397,319.5854231906448,760.4839449200999,1340.642370590786,302.30638403752664
2016-04-29,327.9768074585007,604.1429736034468,2585.7573487960126,506.2664546472498,42.21629160332749,746.5282846681428,305.3759162540684,449.09927918728,872.6877123700962,2714.03672277032,324.5233078549453,53.613539702027346,746.2371576108478,305.868093785576,375.4739181936952,605.1025746004241,2695.0949566802874,591.2363052761693,74.2722718027918,1659.8927693996452,315.65024711424905,250.96346398374595,278.94686236962286,1290.6861411758825,358.91398654534646,15.535727208059313,391.2909950998586,144.69228711694794,213.86486565437343,348.9149364274507,1436.0014385718853,250.8574309090538,31.901105186879803,857.100678394955,214.08270154121138,238.86335620355823,426.42867008947854,1943.9329580350516,329.9105946037973,46.219636554530965,664.5304313358326,232.23481942955638,268.00350297421943,426.81347184188036,1717.2861699422176,347.7459536562013,59.352851258072576,845.5432575337572,170.62029979442164,323.13620639872306,760.8246942383723,1848.5640524784453,310.5079459894862
2016-04-30,333.3466049977846,544.992771216279,2002.468593587369,475.5881459705282,41.2459612886949,775.881643285956,320.53258968176925,477.2040829575415,867.2667813248967,2714.844067324384,405.64657163304537,52.65502346090332,837.9370866971079,295.2393503625833,396.7303263700865,682.7739594088353,3231.052196144509,626.8597423997581,75.82998481159606,1398.200155422095,313.42494718596436,238.0225033975512,278.8272272359691,1304.3244756813017,349.73112952280394,13.142908832237254,375.5665002242397,146.25091481413625,217.9923582333752,367.72326103442026,1671.9607621954538,250.8574309090538,30.90153608137518,943.1269919208241,232.89430385821922,252.72788683175997,440.973310512097,2216.056705384831,329.8948500161967,45.65615138352713,771.5532642906272,268.9042060905252,270.95075921664164,427.73075070220597,1725.2848948023181,324.5812656448645,59.373027418524615,822.3969774880297,182.29754782445778,315.3383558919402,753.4370419624471,2071.4545475380905,321.1550683765254
2016-05-01,337.2537139734934,427.30811315567655,1802.6573894331832,472.23429155527765,44.098575618421336,800.113938132776,320.4146911651864,469.13841039608644,987.7626263727232,2715.651411878448,377.8536719869355,53.795237910060294,790.2312925478523,280.40574254644713,392.5284457046528,739.4411864441241,3302.9130026013727,611.2874424484356,75.13076257323932,1366.231930324154,355.2169472710206,230.46834176943824,277.99614750788123,1320.9657462246114,370.2004340464713,16.464272791940687,400.5994642638114,146.3941995605545,223.09147523564047,364.85954240264067,1727.0369168424236,250.8574309090538,32.30971022068727,959.1283375166183,219.50761274000254,261.7306389049747,458.56259177443224,2167.448668406065,329.89121257680387,44.10584125688994,744.6333753831719,245.6975648555266,270.7526138731794,432.4359333182457,1748.4225736606704,344.8562926361873,59.39320357897665,854.4753261889247,171.72846797485454,319.08289660163666,756.868062262833,2093.074087062553,308.75019218521976
2016-05-02,312.8765318135268,517.1601935361517,1964.9943545785984,443.0599648092166,43.665611307101265,756.8376545359406,319.34558656297463,459.45815050767044,1030.467103995779,2716.458756432512,381.688237397879,52.944647180001276,862.4367218777803,282.33137024150545,395.8545807747326,699.8243250044263,3016.730144298247,610.9958652211438,75.63282495680467,1265.5154913064694,313.3580796902851,241.92053329684643,272.8285600151482,1330.0996766731948,371.90919700505606,22.928545583881373,377.4348045233637,146.40450610338937,218.98670317756387,363.9104678320714,1902.382415861314,250.8574309090538,32.809716829750926,930.3294176550652,227.65406505673533,254.80748729935698,452.33140715274817,2106.8637139699727,329.8903722267311,46.26966905115315,736.5393994777119,240.85300552207252,268.7675516464886,426.15805091127163,1703.759267134529,341.94205800923794,59.41337973942869,852.2139270917733,176.42156823535578,316.5988282394009,749.4022558690099,1623.509806066101,313.42091455118504
2016-05-03,291.6932100335943,551.7085209756408,2329.107955681997,478.5140940263433,43.94776861568225,814.3783366400183,304.1321353640668,469.68839311336376,928.4119414485094,2717.266100986576,335.5398442085891,52.83651002499849,838.7307845643887,280.74454136855667,399.86509991975754,638.8074450971329,2625.4810298774582,595.8478692422262,75.61465542592934,1469.8749549333847,346.8867889824726,199.39961022472733,274.06939525253733,1325.9706396210954,353.84624146168625,14.928545583881373,360.9503525379741,148.66767311839735,217.27336551465496,343.72829860878136,1431.7024411943935,250.8574309090538,32.416895823211405,916.3598400421249,219.914366266687,242.86016094019305,445.2132048928851,1943.6281284684605,329.89017808239805,46.13008570627711,707.2142106442208,204.93495263085214,271.66030192202055,429.87743896264976,1707.158975860302,341.7297895923798,59.43355589988073,843.2921712713279,175.60005381970151,317.3455853848681,756.0495450294,1393.5048690742547,311.5798780260853
2016-05-04,303.99744284217854,614.4121930236125,2521.157832316382,476.83961912763766,41.87531845000889,787.2437126492553,295.12240062066644,427.009538272219,967.0252644044641,2718.07344554064,461.216606297035,53.34499050539545,806.187045288325,291.31867339750227,391.6939756218824,549.6252947652071,2375.518455806552,593.7492091678722,75.82091287260863,1670.729998710402,326.22702577707537,180.50577842200744,277.63980645751855,1318.7135441961934,371.3838279313302,13.321363959703433,334.6921005893277,149.15284581969354,217.2444906055522,335.59596498214813,1373.3416614361427,250.8574309090538,33.3140590338142,859.1541759902505,230.33200880412502,254.45744019967117,458.2640790137767,1790.6991316495692,329.89013322963575,44.53112862899794,726.6553707012351,225.44920755989227,273.6430394243843,431.1461020724555,1730.8503004146453,342.59153615987077,59.45373206033277,865.649129456336,180.57072533691706,324.58751144038024,758.7545572962505,1194.2152764724394,316.36847053517636
2016-05-05,299.4612930194559,586.7486602434558,2383.7436675119584,521.8596719718179,43.28851393599297,740.0667842621723,295.52594849052065,427.47184187040534,917.2462022110797,2718.880790094704,316.67834759828906,55.35836696445454,749.8421629658264,300.7258382950804,367.64564678229976,519.2759643204503,2414.435435678918,584.9248525522148,74.55204636833601,1646.7406824172404,322.5211396571986,215.86265804343145,277.2039860577011,1301.0712949735869,347.0299530539853,13.714182335525493,382.6117745271405,144.10480341271028,216.89340152583236,302.1294244249366,1427.8721786163899,250.8574309090538,33.40115751538306,866.2166539145211,215.11358660073867,245.31210137537238,454.3518200809645,1892.7974801925402,329.8901228673952,44.624836611413635,726.9606422943084,222.21298161551402,263.2221263303034,422.4113485706832,1696.5123794672327,320.9994331037521,59.47390822078481,837.4244965642611,173.0400385366899,312.35673638041186,758.0632924577648,1372.6509265016266,296.9945942873687
2016-05-06,322.89440130463066,630.3046508427196,2403.852371253918,486.66869600051945,41.518652374289616,739.319667332158,299.6148366830026,445.9960604196785,915.6248595612502,2719.688134648768,331.4485928501241,51.622932159060916,639.6644593174597,281.8975305100192,379.4579687157863,573.3173021520898,2766.4741548603406,615.011710924532,74.63373963539934,1553.5766994770177,314.6184251918381,218.69462437977012,291.15880675323524,1297.442747261136,369.86243187541487,12.857091167762746,419.2814709416168,144.79248936931583,216.55798634800777,301.508342790034,1441.234687703778,250.8574309090538,30.71395234888874,860.8701865294095,217.93215443395218,239.31289994310987,436.7000262662176,2047.5761499443845,329.8901204734282,45.02453493047665,740.6697603586013,236.4789363998692,266.4398667986658,429.35561960893517,1688.233652395701,365.78925473495565,59.494084381236846,861.3133956294139,172.08204073748323,312.68153320352735,757.330015512728,1808.2998134928716,298.8771394851482
2016-05-07,326.4624535489702,569.2751443476662,2174.943957409109,490.5445923661665,41.935506246372185,764.2464368789538,301.3863420082998,452.70912442894644,952.8099866317639,2720.495479202832,373.7558630706935,53.665625456096734,707.8669127794888,268.4228173781021,383.3445466938783,673.0317494492265,3138.483901780028,603.3794538387793,74.47669060314317,1381.4804788442052,328.89588265565624,220.92663374647842,279.9648570957969,1298.0689712088902,364.543645635808,10.7551270961236,398.5696024317183,146.31679057984442,216.30972998275013,355.3752363642908,1488.720402716553,250.8574309090538,31.7190186726409,899.1934363592575,217.01912863511208,249.14725221810625,439.0818326685159,2076.7735958060525,329.890119920355,44.776713734054944,738.9492163140702,246.42508676585467,268.9802296808814,433.32574227470116,1701.0489628366824,354.9634053012148,59.514260541688884,846.8052621344716,173.82813518264922,314.8865552287133,761.9055802484048,2091.138783585464,310.28758200768635
2016-05-08,313.79164613661703,494.4456317869648,2140.332524141287,475.8385577962801,41.6761752398606,759.7067174063159,295.6174881742865,453.8712319414627,1108.04551835964,2721.302823756896,434.2800832686341,51.29030870202181,799.9549096967455,284.4079540471431,382.58520267988985,714.2310979840822,3248.675365422599,597.3896809719728,74.5923742993082,1342.173674597313,331.2838487978002,206.74833005774022,279.79891100421287,1299.5719086835004,383.28728469778355,27.25382930018714,426.7304887890224,146.79131573578684,216.67244918487418,370.4968072175866,1545.6817067223724,250.8574309090538,34.79756910258104,884.5384424211949,216.67768794088877,245.13438504098585,430.7248768421557,2092.337805649586,329.89011979257964,45.06019711333088,764.1762526450117,237.88293073186227,267.7639324970674,430.11544253828254,1715.5413886153672,347.4449063794485,59.53443670214092,852.5741100447153,174.3784783302966,314.53633214249834,759.0798301247945,1934.2408754342882,320.2604809561083
2016-05-09,314.5283061203609,544.5292781367305,2272.354828868703,500.08152468761705,44.517357214029516,786.6014946696125,292.4267650818045,454.03605332085516,1139.89442318988,2722.11016831096,427.9051067295543,53.42769919001175,887.158996453719,306.75454944330227,384.95694800604593,711.0251488184283,3030.0152192090886,618.9466132441089,74.83809623743761,1252.2309389814382,323.88696931730703,222.19172520955456,294.1481673236299,1300.3390330194993,358.4761351604178,18.756382166978568,431.9186495465739,146.77173062471422,216.48055675577805,424.1784614054312,1751.958253009708,250.8574309090538,32.437458341939404,895.8285007149411,216.02706991801173,257.9694503915154,439.95444350244196,2108.8331445105105,329.89011976305994,44.81149044392756,775.7822269471836,231.15562340528365,264.94870199895695,431.1788793064238,1733.1499568644244,350.89895541246665,59.55461286259296,848.528220369364,174.55211187199944,318.3361670283052,761.6402122655587,1686.1541201706693,319.6414849530358
2016-05-10,303.0107097297009,548.5320609955135,2603.254891195228,509.7846385758767,42.82409696411973,801.7074466447202,285.06947908426076,454.03065771165495,1067.6975905963411,2722.917512865024,337.40488540689313,52.24743415509065,815.9557654172218,294.03105980944883,386.37327134197983,639.7473123814192,2658.884167341187,586.4298287151142,74.78873357519953,1554.684602624763,322.8117115572839,242.92390097110172,291.19835952767835,1303.6110531465154,378.7898582538341,13.984682799251438,374.53107726024444,146.8962057216355,216.33587118165244,377.19723641249476,1473.534047538725,250.8574309090538,31.3743088104676,840.1725890563927,215.10796812219945,247.9238519119051,439.13805815084964,1931.8509404683384,329.8901197562401,44.66769209606575,705.2953538998213,225.37235085973128,268.43973419902176,428.1609308651228,1718.9621672609344,339.8042963780771,59.574789023045,844.1358066290688,174.64720243075124,308.9790789778747,759.9005912084382,1241.1377149202744,322.078260949534
2016-05-11,312.3981317240962,623.83823950221,2810.094651647911,502.9692078850182,42.95601167421803,788.004853445143,281.30201412925607,453.9962119097848,1035.5553223875627,2723.724857419088,324.2953073927431,52.84706091277838,829.0214992552446,291.1819177303012,385.4853162095574,568.1684793761791,2413.9175265088998,557.5353430878745,75.03972419048519,1762.8481439279158,340.02081910605455,211.78676546667043,286.6564998901235,1305.614969779329,360.94490411856134,15.751276433395713,369.9340059019711,146.89827101961998,216.30362221627942,436.8848553876651,1508.852940170082,250.8574309090538,32.58427965554407,830.3572489903315,214.67252091815413,240.83557503107465,434.6752061141945,1822.61868748023,329.8901197546645,46.12384574384185,751.428331699542,222.8172122586607,267.1378475955786,428.0431450613116,1718.7827298921368,351.614472052831,59.59496518349704,845.90388859792,174.71536152831698,324.3610251763452,764.9172615073785,1260.9513358664328,318.46277668266714
2016-05-12,303.35174933414555,541.7437496516004,2025.4299630932321,472.97040095367066,40.88117518892916,757.1715933295684,293.4249133458414,453.9568107133887,963.0029493480113,2724.532201973152,381.3683634964905,52.37324429242219,753.6946507764819,285.3442906958272,382.48042378181526,525.6513320052211,2467.4376390757816,606.9750744290183,74.56488504768151,1410.554040713079,344.37548984248394,220.55131509487086,279.4694946822987,1303.9085095216985,351.5919484100447,14.005105733582853,374.7444122765052,146.60471827959827,216.6636769279479,397.33456086476195,1585.0751514571311,250.8574309090538,29.853556894875783,871.2754216240837,218.18675457766875,251.42275122995582,434.93967900307405,2069.78552676501,329.8901197543005,45.62197536573734,760.9678319989962,248.95483213477084,267.0056459466082,428.9619030679341,1727.4650824905277,324.54667472335007,59.61514134394908,822.4427016407726,174.79271176566974,323.05202654037276,758.8441046443686,1401.4898007501697,319.62364225227475
2016-05-13,316.6811549731331,413.85019916310927,1827.721726043594,467.3828497696085,43.94577537677792,759.6988309390891,294.4116295821401,453.9165666991014,976.8040448794608,2725.339546527216,350.0696305456992,52.954783108598974,723.3675717893778,280.39466896799405,382.96009524627874,605.4870975709922,2765.1309518272665,591.7267486254239,74.75510426757721,1351.1400824589196,318.32533725896945,199.98123050703236,282.5815956559447,1301.8263148954156,372.2578038872182,16.248723566604287,381.41214582227394,147.13773524257388,217.10383984895037,392.296377271893,1567.668348902244,250.8574309090538,31.42454130927875,852.3776438624076,215.68734949259095,259.9755843664445,445.4481621809154,2076.0163148073825,329.8901197542164,44.32523377762454,731.5177564020038,233.50706438484795,269.77805258709526,433.6685648302708,1750.8948633787659,345.74206703948437,59.635317504401115,854.9365609980339,174.82583544094587,318.9073699804364,760.8394436198726,1883.2827311579956,314.2549947124738
2016-05-14,312.41249151499704,476.4388740921023,1884.13370478583,436.9613032036974,43.3898057737276,735.9070839661504,293.88368388890433,453.87618181433754,1001.2662131834153,2726.14689108128,352.4472950503117,52.97300344177207,795.9563932083101,286.413640114409,382.40940823399126,676.8764245531988,3077.268252933147,599.0988838308137,74.67937397830354,1178.4216609501063,357.0732121847094,226.8958800843834,284.0415701301053,1300.6834561907642,374.0156153315851,22.497447133208574,362.15369892267154,146.69467526875042,216.8048900763888,341.813567446204,1605.5803011065514,250.8574309090538,31.951445891784555,872.9927834387616,217.2080211555675,252.92273776631757,434.0354608137268,2099.6277505588946,329.890119754197,46.138252880344226,778.4427046054687,245.31191032035915,267.91611033100895,427.3921615695936,1706.3484850673483,342.28719264248434,59.655493664853154,852.703119081264,174.86443383660668,317.7111918415145,753.1054062040841,2050.3480664591034,314.185880140142
2016-05-15,316.12514680426085,468.22595606978973,2128.8699156114058,475.6292189878904,43.662233198650846,765.3606721387672,293.95622582859914,453.8357758694522,1106.202702971004,2726.954235635344,411.586671380397,52.99944366631685,770.7177315404905,283.25747987597407,381.7650686258795,734.8076224544536,3175.3210872826426,600.4384096437907,74.79430087894468,1308.8201292800443,344.7091963904489,218.5274815777666,287.42046431044264,1301.2000909476615,355.74040970629113,14.497447133208572,395.5980399568811,146.64301028575375,216.69807234005285,369.543019289556,1698.6459766236576,250.8574309090538,31.052521933742288,885.9974857438106,215.763530651288,240.7349224827551,442.4902622181312,2147.656611386532,329.8901197541925,46.06117164179157,784.0428383543642,255.86694950705416,272.65388791191543,431.11302876726864,1709.802728109662,341.3895609450962,59.67566982530519,843.6419558507005,174.92156547939834,318.49520062956816,760.1833519672892,2088.8340042110676,317.6960191474974
2016-05-16,305.1354825161524,561.308300376435,2354.5545320324704,486.9930464272967,42.557830524574946,767.7357989950357,289.58071934426715,453.79536931379283,1169.087091147403,2727.761580189408,503.5678824580969,53.39230998575026,809.3899402134815,291.17578211908284,382.7880834815474,723.4526139922668,2998.674894480218,592.0944086007983,74.81512942534015,1476.2132150203329,358.62275021439257,202.25522622095957,289.43683328946713,1302.1081156719051,373.36193948378093,12.243617833021432,395.40555677024986,146.9558934772659,216.72626656144084,400.79902474120365,1691.240302555182,250.8574309090538,31.698881812352003,879.5930684845385,217.70767686456932,253.31068490904494,443.7212392921569,2067.0350791521887,329.89011975419146,44.810066564170434,752.8523133737754,240.18156256118777,272.75289367594604,432.38317102337123,1733.5113989628296,343.47541167616953,59.69584598575723,866.1096333521336,174.97849097792468,316.7741569432368,762.9327729506547,1668.0688029387225,322.99825416990336
2016-05-17,286.8790891228249,592.9460625559491,2498.37536810785,518.3753049770337,43.68090624051917,778.98311360558,275.56379253123487,453.7549656374535,1051.831394786817,2728.568924743472,313.56331547002446,54.87015411396995,842.4618234294823,299.5995815720632,385.98427397488797,648.2006398076086,2690.2818390106677,570.8699692777817,75.19771945925743,1718.6779770413207,341.8866001010484,216.52423123803226,277.96764840202263,1304.3155550877389,348.8931814454574,11.989788532834293,380.19903485982456,146.66128023213804,216.72865476405522,349.3877575564025,1483.1320755877252,250.8574309090538,32.556160384579556,833.3619946946488,214.86765844781837,247.56984235746953,440.7332496181573,1889.2570672036732,329.89011975419123,44.818395372949375,738.7193070471736,225.6926918061254,262.39092273021583,423.6498966678958,1699.1862607922183,322.86109216732507,59.71602214620927,837.7143089057531,175.05532430115238,322.73304298594206,762.1150288820656,1269.558186883347,312.2774299093511
2016-05-18,300.28792043905685,685.3616289565764,2660.0562876496388,473.4734155753021,42.79968994121294,796.6998844459455,275.0848800570903,453.7145654358689,1036.1722436290538,2729.376269297536,344.9558250709737,51.47342313077267,765.4797636536797,281.26454780413394,384.2721436124329,555.6798194655271,2481.933352346078,583.7127746194254,75.39556838275084,1730.8159613543924,333.4988057127764,219.96394875436448,279.9127933799256,1304.7695674498607,371.9758249684552,11.994894266417147,387.0753606121982,146.90960448431713,216.7322850539592,379.18212319503414,1531.0021165779183,250.8574309090538,29.427051229810065,815.0788953516312,215.39365381677615,238.11592299158258,444.0399518313271,1907.446713472756,329.8901197541912,45.21078977933105,750.4733701571452,223.87545559010616,263.8983252049191,430.59564685244476,1690.9073844300876,367.79710725204274,59.73619830666131,861.7567183842812,175.11044927065637,321.5153331095929,761.3785372930604,1224.6821957758257,317.2067302614908
2016-05-19,301.3653966299222,622.1197346516517,2340.2174598261445,487.8845183305423,42.27984362860629,804.0938942080988,275.0848800570903,453.6741688104041,1030.933769388286,2730.1836138516,318.5417997088938,53.56329106386086,760.8782490758526,268.4992981776508,383.6448515309425,528.6022129979517,2520.5637426180415,583.7346055425107,75.35688869423647,1498.5942479683836,344.1772441087954,223.55886481734322,279.41091045883763,1304.6912128473398,366.5092635821996,11.058951613809747,385.63222945671623,146.24139766303486,216.74291261373,357.23063065510064,1460.211115829457,250.8574309090538,30.68590009006316,806.5228784616285,215.22326675366065,248.62937858489772,439.45323443380585,1898.7264243076716,329.8901197541912,44.96285460657261,751.8996027907519,221.89667633572756,268.0346940278073,434.56724866450764,1703.7281367859243,356.4765008473891,59.756374467113346,847.2294124568009,175.166033801904,311.8145617937405,765.9905106700343,1454.307590272552,316.63137930217806
2016-05-20,306.72559237725466,544.0019756682418,2267.3846888167554,475.93287908024473,41.89785807024568,784.11455615472,275.0848800570903,453.63377577809484,1108.2323870163548,2730.990958405664,362.8964515684805,51.59566717434859,799.0625631155294,284.71652420061423,383.65347985757984,589.5869880235939,2765.358219151812,585.1147318886174,75.41489871468755,1373.0427924261694,334.44346521749367,202.40102880533124,271.6491236875613,1304.5031618012897,385.38648111699393,26.95360837824439,396.1824676094519,146.45474179426787,216.80254872515567,355.96196164389374,1391.46688011402,250.8574309090538,32.71432642278793,830.4502075018071,215.15954899149722,244.80902728830952,433.4180453455967,1989.4329821673894,329.8901197541912,45.19824684352977,735.2884806873271,223.68316245046833,267.00990935162963,431.35842807438587,1718.2173426667882,348.0432538721673,59.776550627565385,852.9533914673214,175.20126841692135,318.99677856200316,763.1629496124899,1737.1550015673854,321.3888662656647
2016-05-21,308.96503567438003,589.2059095117606,2372.26179434214,499.20222782548603,44.722563573584445,801.359870650547,275.0848800570903,453.59338634158325,1151.9685313089428,2731.798302959728,416.69516927958483,53.67122290267728,863.9060055365342,306.912546026292,383.23356856894713,668.7085471222331,3027.134528117627,585.2233090184989,75.41172781029833,1307.2731864172695,362.0111797924971,251.3426790252621,274.8076103021545,1304.4071774132017,360.264741694304,18.256013963740656,416.412720590593,146.45328631061895,216.81769631454762,353.43422766977153,1576.875220070042,250.8574309090538,30.622398242521015,826.8501423627256,215.03813298374735,257.749927675959,441.87884137870486,2077.9556509008985,329.8901197541912,44.989137168155885,727.7946123144692,226.6703792644416,264.47058383360564,432.42334398882406,1735.830058943762,351.79042765806156,59.79672678801742,848.8166272345137,175.2688496788036,321.46259842402554,765.7130562550121,2073.271077759495,319.8421933533386
2016-05-22,307.2644665385608,569.0725740121799,2582.2979788625416,501.04645538627364,43.02588834670842,797.9610031042682,275.0848800570903,453.5530005010547,1211.6716441580386,2732.605647513792,398.7847989041255,51.625945632973846,782.9404301451996,294.0006264970926,382.94444922655475,711.0732916919188,3113.9867308018643,585.1575756779637,75.45416582972969,1511.3482176546468,347.0032790392411,246.78095966323977,282.3176191408166,1303.99777461503,380.8817355946469,15.18556648702243,393.9901192416535,146.575784776987,216.83663040940698,376.84772332205614,1624.7910960481022,250.8574309090538,29.973079645777748,837.7399692764878,214.86661383219482,247.74683669264996,441.3217933118947,2027.4696250070244,329.8901197541912,44.870582229150685,775.2495663733386,229.50029310774346,267.80677391804926,429.40687469381993,1721.6385137250384,340.78463941889424,59.81690294846946,844.345398405534,175.31746803160354,320.65687004934847,763.9747235776819,1917.1258536041878,322.1139613983177
2016-05-23,303.45402709300146,619.1763439610693,2712.0372804917492,504.5163296626441,43.12594124820931,779.5391292874838,275.0848800570903,453.5126182562754,1260.798977483764,2733.412992067856,381.8940406403521,52.60052688733467,811.6664574725899,291.09792675395653,382.9707433637155,695.4822643513907,2971.4727007472447,589.5567954621499,75.45687731348703,1711.5434832933324,338.62272110449464,212.78874649189547,276.796026524704,1303.7470398869632,362.88015285118837,15.65120279274813,418.0125298313261,146.57782418942023,216.86458394236038,413.940570555919,1726.4339815516814,250.8574309090538,30.755996547626815,848.5225224707492,214.7853523404834,240.71228852758696,436.7762649378946,2075.5234078109315,329.8901197541912,46.08302610869965,744.6450586994893,230.4060479293932,266.6901437368636,429.2905680363056,1721.4629931336653,352.62523092232186,59.8370791089215,846.1656523228612,175.36540683151802,324.31855415193854,768.9942356122325,1715.4527853310412,318.46912680075604
2016-05-24,304.79559129828874,547.4831356256652,2015.3935959653961,473.94324207796876,41.08919244039949,760.977048302488,275.0848800570903,453.47223960693987,1118.6198968153956,2734.22033662192,348.1079707215989,50.7045886061087,778.0924771326312,285.3052585836279,383.2868090962345,630.816205086373,2715.3187877272326,579.7113597724181,75.52809174800512,1404.3498074235583,319.8101117773703,214.05145843823834,277.5446620015699,1303.9605561788326,353.357981942231,13.604811170992523,380.9811125995822,146.28557503928775,216.92400687252305,418.18851527220136,1718.9398454124355,250.8574309090538,28.946759608674597,813.9770511850621,215.44116501759305,251.5069369496607,437.0718368201699,1895.587817383193,329.8901197541912,45.665609202986076,738.5343840725084,219.32277822480654,267.0329874526267,430.210805189225,1730.1414998495504,324.99253419618964,59.85725526937354,822.3894734222303,175.39633918314473,316.59238622205953,762.9204972345168,1294.2682147166197,319.62477176187804
2016-05-25,300.19625622633475,423.55801535937474,1816.7661563432105,470.6048914418344,44.14648252966411,767.9308090782653,275.0848800570903,453.43186455273053,1144.1693585807507,2735.027681175984,348.5208373605956,52.121238272774576,742.9613177540217,280.40539434210734,383.1259542026022,534.7197180268237,2538.2681063339173,583.5206053052294,75.53739514558669,1358.8326975560974,351.29571485096,200.6057116455662,277.9323907025979,1304.2210852322146,374.2212636996048,16.34879720725187,384.7060667246629,146.81591837845448,216.989855860255,380.51292962529243,1621.7287156008585,250.8574309090538,30.447167309204566,815.8221427899506,214.97473572197066,260.087864284808,447.5735701308715,1974.3631954267723,329.8901197541912,44.584341119822454,758.5213702258897,225.90892521775217,269.2858444101689,434.9189460978586,1753.5751530059729,346.4519527077842,59.87743142982558,855.2987362926212,175.46927636391186,320.2431834162798,764.9150672028386,1298.3805525581856,314.2551956208547
2016-05-26,306.8006484948357,498.41611278159604,1919.4777275937197,441.53390943922057,43.594754628474874,740.1701378290944,275.0848800570903,453.39149309332765,1168.2074998093694,2735.835025730048,332.666673800821,52.664751919671374,816.2859753719523,286.43636013754104,383.10614799124244,539.9545943179991,2565.4849145355533,582.9442244160493,75.57661648179958,1221.9570861436105,310.44973303338537,219.25201822217363,273.8794784757725,1304.3640823818153,376.02899087295424,22.69759441450374,359.30994559153567,146.37488886877998,216.9964154154122,363.32780564957517,1501.5551193380602,250.8574309090538,30.975724140559084,817.6038369621577,215.25851757678683,253.04296629169323,436.16670981791856,1915.2365272382895,329.8901197541912,46.0957097152502,727.3867574029127,220.90283176492673,267.3101382357904,428.64402198347835,1709.0249168187909,343.26404412564017,59.897607590277616,853.0931463937776,175.53611306145228,317.7741549209604,757.181253740794,1430.1590600968848,314.18591587616174
2016-05-27,310.46149178841495,510.2879731780396,2216.393548842152,476.85950536325396,43.86751757770799,775.3486423340195,275.0848800570903,453.3511252284113,1110.1744500420332,2736.642370284112,308.7538667434446,52.57419963259345,791.3444007490557,283.26700806274124,383.09918105722744,573.5729874466335,2766.6667865898935,585.1380238778232,75.60027915779939,1391.8269771922226,333.73886594482053,201.84537101129618,275.5205966533698,1304.2994398347355,357.54239440009263,14.697594414503737,378.9293569700126,146.32336795260605,217.0183872344292,320.70708602754,1428.9012745871091,250.8574309090538,30.357893869533378,817.7651436457999,214.98895235518606,240.87026593861427,444.62316374092404,1980.6921676014429,329.8901197541912,46.03107206692196,723.9128965796788,216.43033647267097,272.01474468121,432.3663683274503,1712.4830204406924,342.0595267688372,59.917783750729654,843.8924704131974,175.58424248097904,318.5213286350267,764.2594026130906,1899.012814797301,317.69602550394256
2016-05-28,310.80849446278756,591.169525323156,2427.3764900577307,475.16823728482274,42.72973285324258,771.7105559614811,275.0848800570903,453.3107609576615,1158.5280986640498,2737.449714838176,458.22944732046017,54.163386067287945,811.9959758767193,291.17224782743307,382.8640197228208,666.806863968267,2986.1046025220703,586.3007932743539,75.6310623081342,1578.6494004516783,323.5687625795109,208.70659621346175,278.97433860352777,1304.1858256610801,375.24871878490103,12.743986036259345,385.26853858799296,146.63463817563212,217.05118931132327,314.9886055009577,1493.1120109965852,250.8574309090538,31.154377746254585,835.1359067862306,215.35176138913943,253.38372550830454,445.8571867050317,2055.149290914089,329.8901197541912,44.98879615735618,745.0648519991822,223.07113760352436,272.4239056702556,433.63798972984983,1736.1878351751884,344.28708371467883,59.93795991118169,866.4707619070524,175.63252774988192,325.6576540543893,767.0087443247942,2047.7701186184165,322.9982553005384
2016-05-29,316.92701828937805,594.8062457297091,2448.2700888310724,520.0557907261364,43.86281302957385,771.0519089190344,275.0848800570903,453.27040028075817,1239.0920096848927,2738.25705939224,408.550864823423,54.217703629126554,822.4987198551061,299.59347245039527,382.3314309075195,730.2586243860362,3062.7249055459947,589.6675398252437,75.62389448728386,1683.24064232543,339.7149693538177,230.7495339645771,277.2703750485812,1303.909625687194,350.66592102346516,12.790377658014954,389.2771241476832,146.34134002220082,217.0819213062441,318.73947208807203,1634.098541708704,250.8574309090538,31.62147573088442,847.5383430813037,214.82176815562943,247.42640112175332,442.8717793977606,2035.5988700702214,329.8901197541912,44.99548431615283,754.7993624901034,229.1996518575733,262.05177221829615,424.9061945206713,1701.8665516678195,323.2787097771842,59.95813607163373,837.9046405809394,175.66089467042158,313.6411792046385,766.1909481201601,1929.0534946346886,312.27743011045965
2016-05-30,307.97276471152674,666.7356915279217,2548.0700856123303,485.003697507731,42.95095277820408,785.0061067463208,275.0848800570903,453.23004319738135,1320.9601776808024,2739.064403946304,393.27370337273413,52.35537425177295,736.6091624750038,281.2622545616533,382.47067767827093,717.2114843624189,2947.911569281921,584.0691657841472,75.64642333674168,1641.2397415932369,342.7915996603153,235.57773831340393,289.8259306005863,1303.8528186003664,373.9995648968917,12.395188829007477,446.0549175828963,146.58836252623644,217.11275293761827,388.80670220857377,1691.084760272309,250.8574309090538,28.739090812577626,854.8198228756381,214.9199273734619,238.19206279572606,446.1812181748002,1987.5612047441957,329.8901197541912,45.322681932301165,747.2063709187377,229.96707251300947,263.72499325881716,431.85342385151716,1693.5838233557588,368.84408901113346,59.97831223208577,862.1004551475434,175.71096187258198,313.94780293640264,765.4544831089554,1666.0992943832073,317.2067302972624
2016-05-31,306.8793348167541,603.1036888143504,2267.976753698528,488.8478896890678,42.4634075386714,795.9732296156685,275.0848800570903,453.1896897072111,1266.9120751751848,2739.871748500368,306.2583862520115,53.74755802036723,750.5121439715481,268.50041364613116,382.46146055877716,629.4617838797408,2735.236888135475,585.8643401023799,75.67298275570624,1437.9484413138214,332.8079232546227,237.0009412874924,279.8951016775538,1303.862622511185,368.3860562957724,10.917894156723566,406.5149868905818,145.92327151226627,217.14414586925656,387.8434671832745,1610.4610818083875,250.8574309090538,29.880948912915642,847.6836119224622,214.88813039989276,248.6623278786245,441.5971860454413,1940.8383757399256,329.8901197541912,45.11590948897633,746.5263095388956,230.80464742244098,267.55196965308505,435.82650480987706,1706.4084254775385,357.75938402209556,59.99848839253781,847.5538714622144,175.76056845752436,316.012557270364,770.0664694015856,1347.170922538146,316.63137930854083
2016-06-01,308.1899836432737,525.495752053438,2211.8504503758086,474.18808432121875,42.08565158729378,779.1403965131854,275.0848800570903,453.1493398099275,1447.7810727947901,2740.679093054432,362.47370587506117,52.049065526037396,802.9007290600888,284.7181572721195,382.36522411580654,560.8030341375204,2584.907437903332,586.6947064467361,75.70091963199445,1356.2033659079045,334.7249742974109,209.75824262547368,278.8384832425381,1303.8861518971494,387.3976725893606,27.092992783873758,394.1798046364329,146.1354825505429,217.17947012147164,350.61472680952215,1423.9458500391183,250.8574309090538,32.47965257280973,844.747100756264,214.876239637989,244.82972666346393,435.56469928958626,1943.193393350998,329.8901197541912,45.312196446308306,757.919546072125,230.0490619243241,266.7530845573577,432.61916336605213,1720.8937839963232,348.63663188715515,60.01866455298985,853.2328762477018,175.8305208461066,315.75107734901013,767.2388997754316,1165.4368433539425,321.38886626679647
2016-06-02,307.39945609337263,572.3645016933292,2328.592666337235,498.34865908530355,44.91092526356235,798.3522121409014,275.0848800570903,453.1089935052106,1468.6781407638173,2741.486437608496,384.1084523664224,54.070802591529755,873.6465333372506,306.91308851109665,382.327663791072,528.5618318863889,2603.443485500889,583.5544824021808,75.73321181568578,1276.8678856815839,330.38838225719877,236.90071155455948,291.87289232083566,1303.898161687902,361.9661559921196,18.488321306456267,404.3557924839871,146.13392930068986,217.21122563646492,367.9552427413676,1543.9668281191164,250.8574309090538,30.26090583943831,843.2412592316329,214.85358145304022,257.7638922932789,444.0281919784208,1968.9991050001845,329.8901197541912,45.13783788035954,763.2101515908296,228.78529275033023,264.1466968608345,433.68555842678734,1738.5103453257013,352.72352645407966,60.038840713441886,849.005132132128,175.86813251980462,319.5351955845613,769.7890033671715,1469.2778543290617,319.84219335353987
2016-06-03,310.4313051908455,563.6800905440915,2591.458201905118,508.0317431054442,43.21436779840169,798.7244667791695,275.0848800570903,453.0686507927406,1474.3471713758518,2742.29378216256,369.4025530298028,52.13622648068356,794.7419105649265,294.0002849714291,382.27222239642293,580.7525549265893,2768.687034905805,588.4583768099915,75.75883474524704,1534.30017461422,325.35127156735757,252.91889523014342,290.1536192998696,1303.9493871219288,382.887225904916,14.628028864504964,388.24676679533724,146.2557325918688,217.24328489368915,347.87314174009276,1494.4882441314635,250.8574309090538,29.407632536352452,855.0133247610436,214.82157321351667,247.75809511802169,443.4738424557418,2036.2388395793882,329.8901197541912,45.03912001681818,731.7207795095657,227.58826868879976,267.66713630068966,430.67056827808005,1724.314957401717,341.7852542461936,60.059016873893924,844.4549828891542,175.9247035454755,310.27885506886463,768.0506733688622,1734.4455197830384,322.1139613983535
2016-06-04,309.41526762088245,625.8787539892446,2754.897954645459,501.222121220719,43.31551941924159,781.2643475489776,275.0848800570903,453.0283116721976,1448.6335989670492,2743.101126716624,342.7089190688938,53.046402061465564,819.6412717993293,291.0974927239421,382.1736302919257,659.2837761867181,2952.5490340727765,592.4066292545564,75.79101513867097,1740.5344728030936,338.5487466737247,228.95351779411752,285.49677171354193,1303.980759636548,364.7298123228619,15.697664261291251,413.59820102071785,146.25765745006782,217.27606766347472,388.41394985929884,1537.7019869660382,250.8574309090538,30.43080674763702,854.747771159337,214.80640850877546,240.7201290963696,438.9310119976702,2056.136682089851,329.8901197541912,46.049434757669644,752.4804844228483,227.20515822207375,266.4611840796502,430.5557407668627,1724.1432771861819,353.6527967676536,60.07919303434596,846.3273034296476,175.98195399015205,325.52271942322574,773.0701860749122,2087.840310383728,318.4691268007624
2016-06-05,311.04694236344284,549.0991099721085,2019.7804712821749,471.3283520326108,41.277457199868955,760.2015253898821,275.0848800570903,452.9879761432619,1397.1553951335507,2743.908471270688,383.95185211007725,51.199156707137824,774.9663698004425,285.30513302607443,382.0353971452507,730.64450988927,3019.8998642740894,586.0585082323768,75.80829689799471,1407.6951043216627,344.7956876854776,225.85250880731073,279.24306316273174,1303.9540439795676,355.03921661578715,13.79065704516501,379.80218546110393,145.96671219591144,217.31137481492522,394.55593014967627,1676.1380837942042,250.8574309090538,28.14900980423881,854.7287224848184,214.92879372967695,251.50158720200693,439.22928200485387,2000.930407029828,329.8901197541912,45.7016341836094,756.8452496279959,231.89339350806526,266.4357455510348,431.477457066079,1732.817945861068,325.42261892712264,60.099369194798,822.2360272602233,176.05620771416153,324.1381171392499,766.9964468807584,1937.6638422919427,319.6247717618792
2016-06-06,309.37710623379434,422.5576060969783,1821.5548132035763,465.75628090380553,44.334999369823215,766.2532071537951,275.0848800570903,452.9476442056137,1469.851448011169,2744.715815824752,363.8434515212855,52.60333031925768,740.7466186953504,280.40549655320945,381.962462135012,693.8637943638844,2927.5434984987305,588.0360621200992,75.83920035300746,1354.5174963196246,323.5931167494614,213.28769021821154,282.0348339537412,1303.921445976096,376.10070775645295,16.30233573870875,389.91926743557286,146.4943947007146,217.34719744564603,379.5221101266365,1675.0206987109907,250.8574309090538,29.70096947839342,859.5370391682426,214.84175050167585,260.0807277998574,449.7337133709439,2039.5975982522004,329.8901197541912,44.80053210062775,743.741553518874,229.10743559323473,269.1059305206215,436.1870771210095,1756.2554347279322,347.14925314581643,60.11954535525004,855.5605883184343,176.08846443042546,320.08530243584596,768.9910167182829,1727.0372287599123,314.2551956208549
2016-06-07,308.4749915969157,491.32366816480067,1904.0289283143904,435.43790170246086,43.78312519822215,739.3013661858722,275.0848800570903,452.9073158589332,1504.0888379174396,2745.523160378816,360.1026727424601,53.06818488092509,814.557720676736,286.4364748273515,381.8702421702427,620.1086135641523,2751.042118418669,587.0658235825573,75.86447873824677,1197.3025008009733,358.09265491133146,230.75849821364628,282.8465364120744,1303.9035538388523,377.95912653005234,22.604671477417497,364.71953285415015,146.05538624029543,217.37826405401478,350.40449036103405,1741.8854708185663,250.8574309090538,30.24274735312581,853.9606382743887,214.89470877192855,253.0353240506787,438.3295511365062,1971.3389729187136,329.8901197541912,46.060045666573146,764.856084152667,231.22503127102593,267.24031595492295,429.91363215292614,1711.7013651606499,344.21194910284225,60.13972151570208,853.3827451122072,176.12682049374024,318.8741282564745,761.2572034995122,1323.195495403435,314.1859158761618
2016-06-08,306.6261049842839,494.09077821700794,2178.1371497523005,473.9775024606614,44.05587657726939,773.313189354881,275.0848800570903,452.86699110290067,1466.262025377633,2746.33050493288,340.36339727613245,52.97625675656652,789.3020349883732,283.26703629609887,381.77628560525153,547.2009363443522,2623.502852619599,586.7319279237936,75.89358666139901,1347.5569760517485,349.4469912054509,204.65756737940146,286.0210843598336,1303.9116420652776,359.2619079158507,14.604671477417492,371.98185975713903,146.00400903522632,217.41056698845767,339.77594827942204,1483.6954462583922,250.8574309090538,29.490304616903327,850.8744031826457,214.84440355468516,240.86166257393995,446.7887031303335,1953.0807169065542,329.8901197541912,46.00615611335881,767.4558988394009,233.11690752037882,271.91382922207504,433.63745764319503,1715.1632998342288,342.70195932679866,60.15989767615412,844.0424510563006,176.18388035142178,319.6577030734358,768.3353523909688,1340.0863482787743,317.69602550394256
2016-06-09,308.9674678067902,582.5480399530185,2395.5461627977315,485.32454744036835,42.91924299600499,770.9005381893511,275.0848800570903,452.82666993719647,1513.5894804592567,2747.137849486944,469.05614454798314,54.50775412285836,814.6735438345452,291.1722177806242,381.71358334964725,516.7921707513573,2635.498266481393,587.9321462813886,75.92082377905611,1526.2580223023376,360.18964122746,195.10000380402428,288.20648605453914,1303.9258577359644,377.0537885153336,12.511678693543734,368.70693153162813,146.31367440487628,217.44373869405092,353.68081564259523,1469.2686232225913,250.8574309090538,30.221230916818214,847.7333864415331,214.9121095709231,253.37908256031056,448.0254241678223,1958.5976007032966,329.8901197541912,45.13760613723127,753.5724309059444,230.30782979345872,272.0781976226425,434.9105581918914,1738.864285844267,345.0826558671304,60.180073836606155,866.7312512172678,176.24078438873553,318.0410121609542,771.0846940316699,1459.576243028402,322.9982553005384
2016-06-10,311.3051779407148,598.7322515212851,2470.1710027872755,516.5745554967755,44.051978179550616,772.6682110902373,275.0848800570903,452.7863523615009,1473.4185877937452,2747.945194041008,345.3095155743754,54.67008590030548,831.229265386402,299.5934423207818,381.6916115129248,563.6680364338646,2771.142679026254,590.8383296699616,75.95561783110549,1703.641495960235,341.4555058496761,221.06150313481427,277.88565069936976,1303.9604165215997,352.3577056048263,12.418685909669977,387.9395347335132,146.02168534523562,217.47674434381082,327.04911309826696,1502.4432166725676,250.8574309090538,30.908156155441475,856.569902981555,214.81320428710748,247.43551977141925,445.04271493308084,2000.9604851354875,329.8901197541912,45.14316430100785,747.3312262665537,227.71545176945753,261.7144864167912,426.18024212900986,1704.5468287356389,323.70677508844443,60.200249997058194,837.9942276861126,176.31760306528798,323.7881221392668,770.2668978268813,1753.2181788794885,312.27743011045965
2016-06-11,310.8371414601556,682.3839500521287,2597.0190229399345,471.8113218046513,43.14117465108008,787.3891850315566,275.0848800570903,452.7460383754943,1485.7677195685048,2748.752538595072,353.9869636021256,52.70544831414223,747.2244587907024,281.26224846508956,381.5777045023936,661.9403540615829,2925.1263055200693,589.5259206845743,75.98619712619713,1690.5701062504702,331.62039842691894,224.71078437459997,281.07853485598457,1303.9675243569432,375.94309743435923,12.20934295483499,442.50897737480204,146.26741271587278,217.50975798611137,343.30850304160407,1534.3122889634424,250.8574309090538,27.908860648964474,859.5847119655152,214.8315223800283,238.1872226853867,448.35485178293345,2021.8958708776693,329.8901197541912,45.41584304097785,752.6881798680635,227.39083058892354,263.2816160053009,433.1289506061526,1696.2602763491789,369.88185711602443,60.22042615751023,862.3433420154826,176.37272550116435,322.588371144204,769.5304328359919,2031.330343239352,317.2067302972624
2016-06-12,310.90422929556337,617.5154611686487,2299.553016956072,486.19076047275206,42.652515544657234,797.6281421980441,275.0848800570903,452.70572797885706,1492.9378657394604,2749.559883149136,342.33971106055833,54.132655137058705,756.3449916155964,268.5004223509622,381.48413886279087,728.3072986067936,2984.138309024395,589.4249577634498,76.0125519910674,1469.805021269649,345.74065435676107,226.9842396099914,279.4678489830403,1303.9662976687302,370.183382320042,10.98338329614902,405.73692594071406,145.6054228319855,217.54281665425353,354.1741090367059,1524.4803593683519,250.8574309090538,29.12586857290582,864.3656685259659,214.825588552016,248.66023334548234,443.7735177262932,1999.6206226241377,329.8901197541912,45.24352184451177,753.4179657461831,227.0365339835489,267.3632919486771,437.1035107108095,1709.088700222443,359.0183672555265,60.24060231796227,847.7773752469951,176.42830846848403,313.0262149433713,774.1424191271427,1974.8397429792656,316.63137930854083
2016-06-13,309.3478448532351,538.6532917685645,2236.1243511558037,474.28526640589234,42.274613739946325,780.154081949963,275.0848800570903,452.66542117126954,1633.155308699204,2750.3672277032,399.5741778445384,52.39609872875653,805.545651273992,284.7181651401963,381.40250450994245,698.0192067218894,2909.9672335181294,589.2126379687719,76.04052945628987,1364.1058899485267,336.6904040071877,206.76188408294962,272.49456117302395,1303.9633536170193,389.3301312338356,27.028280396719218,404.1468634641763,145.81650657897552,217.57619068126698,354.58815043648383,1489.8780074203087,250.8574309090538,31.43637006391709,859.3332781036703,214.82336954409945,244.8284108358065,437.74372904318824,1997.7462373145459,329.8901197541912,45.407103072292564,746.0664933343322,227.35614880935083,266.3313986874219,433.8976484132815,1723.5702393112524,349.21760384102134,60.26077847841431,853.4113004821396,176.46354942088365,320.12073406823805,771.3148494952906,1581.75856828946,321.38886626679647
2016-06-14,309.0722846777361,584.1471788714363,2347.6803518822016,497.47236721574257,45.099867823397865,798.9651437446491,275.0848800570903,452.6251179524123,1666.1214553452262,2751.174572257264,413.54550252148204,54.4244580423574,874.965816405918,306.91308974843975,381.31285972057896,633.3994319262482,2763.5484109999616,589.5606996256092,76.06730001605808,1290.8697445521905,362.0644621668334,233.92691696265734,276.8144136441434,1303.9618509239585,363.5895645463691,18.380467327865368,411.9548380798508,145.81485637439354,217.60927843476998,392.6464439815684,1667.8654013617418,250.8574309090538,29.297672901127836,861.1194493055843,214.81914116141186,257.7630045815404,446.2099198047624,2013.5613947043435,329.8901197541912,45.26179721770833,742.7998151379347,227.8907266834533,263.78290282015513,434.96552262031355,1741.1906177505086,353.6364582079447,60.28095463886635,849.0924711584898,176.53112506579978,322.6020854148805,773.8649530878808,1362.523219665861,319.84219335353987
2016-06-15,308.6006786211851,570.3838266080147,2587.454287356176,499.29661071244306,43.4033062973543,798.5688802550269,275.0848800570903,452.5848183219658,1645.344368559608,2751.981916811328,359.7309096892771,52.53427075620408,795.0985784217839,294.0002824802826,381.2256830740992,567.6589048635791,2655.4273730054065,589.1817920325664,76.09508828439583,1522.6012425262113,348.301090842455,247.2046300001903,283.2390988622577,1303.9554414780462,384.8154308414442,14.88687841312312,383.51250025395854,145.93596818117805,217.64239055357348,382.014516778708,1512.029223450847,250.8574309090538,28.565068363504437,855.1052386080527,214.8131679077657,247.75737943186596,445.65826835482653,2001.6883814576508,329.8901197541912,45.17953652933922,764.1518037734783,228.3970711758118,267.12424969778726,431.9520116179033,1726.9914150353345,342.7645672212052,60.301130799318386,844.4632961762122,176.5797448892831,321.6967964588253,772.1266230911374,1188.1472103495723,322.1139613983535
2016-06-16,309.73068901915553,627.354240351723,2736.1636426070004,502.772269219494,43.50442003006923,780.9127647739275,275.0848800570903,452.54452227961053,1636.3098998288688,2752.789261365392,340.1560601760573,53.426275039322064,821.1468663515989,291.09749068192536,381.1444332881323,548.1550152230011,2662.5507961449175,588.2294541249616,76.12196430257325,1727.5763099921064,341.7666981386298,217.83715735633433,277.81919653664323,1303.9515160757649,366.50290013812634,15.676093465573071,399.651995523563,145.93777937734922,217.67556071040778,435.1048824987246,1561.2299542077762,250.8574309090538,29.474012070208985,852.7322117612792,214.8103379293215,240.7196306787379,441.1181359694969,1970.3740794670668,329.8901197541912,46.021467604948555,750.5308885971859,228.55912797371235,266.00169384277433,431.8386632529828,1726.8235472937095,354.65854040421914,60.321306959770425,846.3875780145621,176.6276854202796,325.49493559925753,777.1461357968268,1515.0195882879927,318.4691268007624
2016-06-17,308.9761192618663,552.6816016802838,2017.8629771530902,472.3040381154108,41.46640310224618,760.3595694338189,275.0848800570903,452.504229825027,1549.9870343549592,2753.596605919456,377.5945792067284,51.65911501669883,778.864210350727,285.30513280080277,381.06862998069715,580.8239354640893,2773.829950651614,590.3555187904786,76.1505371763872,1405.951610913597,323.88416045170493,220.84304243988896,277.74438663158037,1303.954858801145,356.64458675920736,13.704373862292291,378.1325776026023,145.64813207458934,217.70893336564868,405.1752220913465,1640.5411187481864,250.8574309090538,27.454549397134393,862.2200619828624,214.8331769850731,251.50192728699412,441.41910404942297,2041.1891738622935,329.8901197541912,45.731634753929484,747.8839213333764,226.575991413569,266.32930903388615,432.7618586984961,1735.4944058105575,325.84387371535155,60.34148312022246,821.9810992510345,176.6586258382306,317.8434805957343,771.0723966022525,1768.4504045226577,319.6247717618792
2016-06-18,310.4642504821669,426.5821035875892,1819.4617011926578,468.98113752909074,44.5239365794758,766.5950861605369,275.0848800570903,452.4639409578958,1579.4489899826062,2754.40395047352,354.743607246532,53.01559460471575,744.0996516908918,280.4054972586418,380.9839098455748,693.37904839512,2902.732539795269,589.6752059736579,76.17757107664578,1356.345058277687,351.78421245648104,204.63583117965013,278.4148202927295,1303.9589375394528,377.904987879247,16.32390653442693,387.69492165344036,146.17316690969682,217.74234737110703,378.04970601772465,1613.795141483789,250.8574309090538,28.99172203274113,860.6774096922665,214.81693331510647,260.0811814659874,451.9262334882552,2063.5638421565245,329.8901197541912,44.98070871354953,756.9294633429554,227.75445935609153,268.5993910409352,437.47295789972355,1758.9357025209947,347.8320645591221,60.3616592806745,855.7208531717558,176.73155544340057,321.40351796493366,773.0669664399115,2085.1948145167535,314.2551956208549
2016-06-19,309.2513851747682,497.78431186095526,1910.7815665318979,440.0131421557004,43.972067451848616,739.478413423205,275.0848800570903,452.4236556778975,1606.0968884927286,2755.211295027584,350.9572906282566,53.45431644974095,818.460393068423,286.4364753538986,380.9018499886195,721.0978941486786,2954.2878418197156,589.9218682482665,76.20531566243073,1208.063380189893,315.5724474807265,226.4351347780759,274.9339657251584,1303.9611762454413,379.8147923792921,22.647813068853857,364.36001253510005,145.73617009720988,217.77537986256482,342.9203724117572,1632.260337672053,250.8574309090538,29.53883081408818,862.2682911965586,214.82681618231788,253.03580986685034,440.5247693265598,2028.7136616355933,329.8901197541912,46.03031259132063,743.0710456784436,226.85871049675782,266.62762834959074,431.20099207793714,1714.3778274231988,345.1403154215784,60.38183544112654,853.5706513328354,176.7983868373174,318.9493088347555,765.333153221251,1935.5384449280075,314.1859158761618
2016-06-20,308.9567784147631,505.00407006123277,2194.8589426818,475.21065018927067,44.24481922988096,773.7279949413704,275.0848800570903,452.3833739847128,1638.3584846636759,2756.018639581648,370.0347213523049,53.36938477560999,793.0451216540733,283.26703632812155,380.8200485158476,720.1553767517023,2894.82532741515,589.6977132800224,76.232659486196,1369.4888434516013,336.5444517386267,209.96380649242667,276.7554086154909,1303.9601642276657,360.9076393398084,14.647813068853852,378.76732009306545,145.68493625028748,217.80851152843172,355.29265923649297,1595.9705442259126,250.8574309090538,28.869707985913685,863.5384288160566,214.81742841758,240.86220948804947,448.98661939312933,2026.5565731215756,329.8901197541912,45.98540282906023,741.605447507902,226.0584415832515,271.3337855037215,434.92629671450294,1717.8435653156366,343.3312551464708,60.40201160157858,844.0906338762926,176.84651791981852,319.6969114070993,772.4113021126608,1744.3084003468975,317.69602550394256
2016-06-21,308.2241744582253,591.851627083631,2409.459133019257,473.5026471548738,43.10814595271251,771.0656119591398,275.0848800570903,452.3430958780222,1694.40715304754,2756.825984135712,485.51005139673094,54.83465132670863,817.3322495642597,291.1722175827082,380.73398987007016,640.5204971497221,2773.4134955503923,589.4830480050744,76.2601907951502,1554.4235440667821,328.03080163939256,201.32387965095143,280.0599992346448,1303.958385529757,378.78575751908244,12.619532672134634,375.67151034457623,145.99300484130052,217.8417128845424,379.3667717283523,1599.1151995587593,250.8574309090538,29.647324379112163,860.2937610165275,214.83006345200806,253.37937771157894,450.22603850336037,1992.7060664711762,329.8901197541912,45.26160728200615,751.1729295511867,227.2466892721514,271.7331185093561,436.2008764094963,1741.5407504170662,345.86172021166885,60.42218776203062,866.8898373790622,176.8948047936711,326.7301134810441,775.1606437533338,1353.1027960537635,322.9982553005384
2016-06-22,306.21193436105125,601.7501165837093,2460.598158587217,518.2581602981531,44.24089303295397,772.3388243736048,275.0848800570903,452.30282135750645,1645.8541440323736,2757.633328689776,340.1872602021909,55.073950142250325,832.6365526247566,299.59344218593856,380.64237702670823,556.1691423818734,2681.822023788491,588.7815185064451,76.2868060660834,1694.8355496434476,342.7685791924095,221.3558948159114,277.3427288053058,1303.9540614538066,353.977064532329,12.591252275415414,385.4222054470401,145.70231890535794,217.8749009201469,340.02856280881747,1521.1071263239992,250.8574309090538,30.22998618306541,854.7623482784642,214.81160613114406,247.43494010158918,447.2460273413612,1959.1694144056296,329.8901197541912,45.26623818581683,755.6250649804828,228.34327238437047,261.36160831981766,427.4720394929116,1707.2270919081998,324.12570377959844,60.442363922482656,837.9818063175551,176.9231807367151,314.9229196636409,774.3428475485607,1219.211069537983,312.27743011045965
2016-06-23,308.32987387892524,682.1645337060984,2575.623543658447,483.3444685510812,43.33005306455938,786.9035367752508,275.0848800570903,452.26255042284623,1662.1101765927183,2758.44067324384,356.5655423020164,53.02585595967698,747.7627225240872,281.2622484640223,380.563368270238,525.201658996501,2685.368000611053,589.8057714780055,76.31407958036223,1667.4122462594357,345.45599943171334,225.18814086725402,288.79727467443075,1303.9531721048522,377.8148731566104,12.295626137707709,424.97066818098494,145.94675772435306,217.90808959688925,371.55658405468415,1566.006193237916,250.8574309090538,27.304252239462556,852.3265943381047,214.81502458267275,238.18753036998015,450.56086226395604,1986.2360545015324,329.8901197541912,45.493472800901635,752.3139767150176,228.480588046387,263.0296353306387,434.42222711635134,1698.9367432294223,370.8979350048194,60.462540082934694,862.4841150843814,176.9732488802419,315.2117960960292,773.6063825576781,1473.5236182736187,317.2067302972624
2016-06-24,308.5537127796899,616.4526681365122,2285.7510975846253,487.1570664355012,42.8414323686081,797.290887054199,275.0848800570903,452.22228307372234,1646.8016445846524,2759.248017797904,324.4408517097936,54.49181694982848,758.04399267016,268.5004224060296,380.481596009825,583.2678460063365,2776.601113713862,589.6189964230322,76.3415683497746,1453.3513997968257,336.06654534334336,227.8323153886875,279.84485860760105,1303.9533255909457,371.9096141911258,10.95297847054617,399.4173410004908,145.2878543629558,217.94128188547106,355.64670528815316,1510.8985587789828,250.8574309090538,28.493190921388397,853.1569295269117,214.8139172346793,248.6603664944439,445.98222628005806,1971.5670676080497,329.8901197541912,45.34987021231599,752.1000817593645,228.63045649556096,266.8669682907258,438.39826636730504,1711.7689610889613,360.25120607574905,60.48271624338673,847.8986599074256,177.02285657808386,317.1395684039363,778.2183688488241,1812.0206326924183,316.63137930854083
2016-06-25,308.6986934998741,537.1556008291092,2225.5142793223054,472.5433300825588,42.46353559348858,779.9475026832256,275.0848800570903,452.18201930981553,1764.9022763552946,2760.055362351968,376.0935058446796,52.741813544235896,808.4952801976389,284.7181651744736,380.39821135131723,665.4030803389218,2884.4599018867807,589.5858789982079,76.36902497266631,1359.0035909839748,337.29885745004873,205.5826114015195,278.09246543080974,1303.9536939575698,391.19215226758365,27.058324597376604,402.47715303179285,145.49781659126077,217.97449947120572,355.54183039182914,1431.256974584599,250.8574309090538,30.96751606565924,855.8268359826747,214.81350313201932,244.82849448264705,439.9551356696954,2003.8757619388448,329.8901197541912,45.48618932094676,757.295374584832,228.49525853555724,266.06117148348255,435.19388321607397,1726.2467084961377,349.7865294971956,60.50289240383877,853.4874002669176,177.09280250283155,316.96475291936366,775.3907992169702,1933.035392250089,321.38886626679647
2016-06-26,308.9512656521396,582.686437513918,2339.3371640030527,496.6217982229835,45.28879035257681,798.8402342247282,275.0848800570903,452.1417591308066,1800.603118462304,2760.862706906032,411.7184349779374,54.77306933478506,878.4342841830644,306.9130897467453,380.31594376637065,726.584365636467,2929.3818938345203,590.0897909591034,76.39659843113478,1281.620587279535,334.88669862913684,242.09589673971976,290.1020803235946,1303.9538819780344,365.1431859692924,18.430540995627677,413.958711965294,145.49607023840895,218.00769409292886,372.3574351439814,1603.0830051766866,250.8574309090538,28.797901741626113,856.0735425412947,214.81271404762475,257.76306101315356,448.42402450401175,2045.84414023471,329.8901197541912,45.36509989311499,759.7565116432397,228.26913060843145,263.4572493608981,436.2632365694029,1743.870876313785,354.53046951786587,60.52306856429081,849.0773804098822,177.13041975630887,320.73352265391924,777.940902809562,1959.8833059465194,319.84219335353987
2016-06-27,308.41057492262263,571.5206934958181,2589.204390125586,506.2849217634787,43.59222896656831,798.6005872805611,275.0848800570903,452.1015025363762,1829.4631478719994,2761.670051460096,381.82817980727003,52.87418757232406,798.3759474992435,294.0002824650765,380.2333590197159,703.7818922886357,2881.800857903951,589.4675069120161,76.42402160855345,1528.8431523181268,329.17529420851747,248.34577815028683,289.34050158665445,1303.9546839428724,386.6744931189796,14.766701610493582,386.38891418071466,145.6164942327001,218.0408906691641,376.21623522332993,1575.7420295430088,250.8574309090538,28.01278666603926,855.1653637481738,214.81159934217226,247.7574249278506,447.8750711268181,2011.3208533539762,329.8901197541912,45.29654912865601,745.7391515374013,228.0549454802793,266.97207161982016,433.25120471328955,1729.6678865220629,343.72357959170625,60.54324472474285,844.3690743629907,177.18698930133647,311.5755697502112,776.2025728128189,1580.718518467966,322.1139613983535
2016-06-28,308.31961136910587,631.3087824098932,2744.3523716572167,499.4810885813027,43.69334400581346,780.9844139356725,275.0848800570903,452.06124952620536,1846.899680912152,2762.47739601416,360.93661991557076,53.77104052694651,824.3033599132492,291.09749067328215,380.14998370304914,634.053972005431,2781.168174591379,589.0407650672455,76.45158950044687,1736.3616342885682,341.0253067902699,218.24273086950112,284.59392206153814,1303.9551750983712,368.2074838151388,15.686108199125533,404.23403641277986,145.61819265364502,218.07409190103795,405.3274365178946,1652.1664445829904,250.8574309090538,28.9932328286986,856.3338332117501,214.81107122255955,240.71966236301685,443.3376368142307,2004.3725908991987,329.8901197541912,45.998163050180146,755.1308939724478,227.9863950041697,265.7692868426063,433.139335494666,1729.5038035565412,355.6434348172063,60.56342088519489,846.3452121738874,177.24423801235554,326.6845867068244,781.2220855185077,1408.8566837638627,318.4691268007624
2016-06-29,308.1688420885181,555.4020760804852,2018.7011098716134,469.69199315725655,41.65532551616126,760.327361589532,275.0848800570903,452.02100009997486,1740.642327470745,2763.284740568224,365.4117322412276,51.99686136277531,780.9694980261116,285.30513280177576,380.0658835630032,548.0637805030362,2703.6346376891097,589.8545196971639,76.47884155457486,1406.7461442384154,345.87005860355646,219.08585459519438,279.06682528118176,1303.9547568487667,358.18208538848546,13.744432796502137,378.88354605136914,145.32983738525002,218.1073093767331,401.0213656740284,1695.0433769624644,250.8574309090538,26.846142811970086,853.8775061557174,214.81533335865558,251.50190566789038,443.64130296689893,1994.4943397243385,329.8901197541912,45.756634161958395,757.1772277064101,228.82526728319382,265.75596731440766,434.0640100864762,1738.1708795963332,326.2563916947526,60.583597045646925,821.6234254909467,177.3184836707223,325.22615172413316,775.1483463239332,1246.4688332646,319.6247717618792
2016-06-30,308.1226740714483,428.3240810941183,1820.37659612416,464.1353484475743,44.712859293149904,766.5254145326952,275.0848800570903,451.9807542573656,1779.74350222562,2764.092085122288,353.7554590221784,53.35676653609622,746.031796011594,280.40549726281137,379.9830245386077,534.5190747606825,2704.6017228087726,589.6948897429819,76.50638194739473,1354.8586291054248,327.8395221278885,204.90813179166673,281.60913599588514,1303.954246507506,379.6420232698324,16.313891800874465,386.5843192152961,145.85223765077444,218.14053016942,376.8136801697721,1634.8003476341087,250.8574309090538,28.40201723051261,853.4607999047405,214.81230202790138,260.0811526265599,454.1511304784734,2036.2700378420718,329.8901197541912,45.130857928119596,751.3971839106814,228.32677206679352,268.4130422366592,438.77658843400053,1761.6159564861757,348.5007168397827,60.603773206098964,855.7782669488685,177.3507479609403,321.26302756215335,777.1429161615924,1541.9800061825902,314.2551956208549
2016-07-01,308.6624620286761,498.00142761152,1907.830002331206,433.9197791175783,44.16098999158683,739.442332912303,275.0848800570903,451.9405119980586,1807.2831039462321,2764.899429676352,343.062445380799,53.801594207755095,820.9260592160822,286.4364753560585,379.89982203638874,595.7978704641837,2779.3514504865134,589.8861347699092,76.53380067956674,1200.2582289019415,357.87316911497277,224.35091086444405,281.91605230393714,1303.9539663953856,381.6038344900316,22.627783601748934,362.75929199083765,145.41724312910608,218.17372035818585,365.2041927544108,1587.0058944909083,250.8574309090538,28.957074420886073,854.8378978917154,214.8141463302899,253.03577898365245,442.75236438952015,1995.8084548095328,329.8901197541912,46.0055340757285,760.9478985640588,228.70567632490844,266.5441858319688,432.506101758511,1717.0543035052294,346.04942851044916,60.623949366551,853.655601151945,177.38910932682523,320.0372086114552,769.409102942932,1778.9296265101357,314.1859158761618
2016-07-02,309.1552096732737,503.3769507394635,2187.549881572302,472.3315094800471,44.433741755860616,773.6434615834369,275.0848800570903,451.9002733217348,1773.703953569114,2765.706774230416,334.2419999111491,53.71649343795753,795.3117580195782,283.2670363277257,379.8166048053895,669.1407152195734,2869.5622022320485,590.0269717808926,76.56129937422574,1356.813959342744,351.1700680117875,205.2481365192638,284.9314809461769,1303.9540930214127,362.4873622842027,14.627783601748929,379.3683379750068,145.36615228797027,218.20691850242852,339.7407416313803,1492.2091677076912,250.8574309090538,28.254564508132173,855.6556027860054,214.81239442200675,240.8621747208719,451.216912528832,2020.6071324883442,329.8901197541912,45.96810892104945,762.2034832543693,229.04419230045795,271.21898059874803,436.2328855413737,1720.5238169859576,343.9474986755114,60.64412552700304,844.0357549694561,177.4461675218235,320.82035962271726,776.4872518343418,2088.714965711278,317.69602550394256
2016-07-03,308.840815065913,592.8810700049469,2403.3778025068837,483.66183012287433,43.29706984756165,771.0319715248698,275.0848800570903,451.86003822807515,1823.6497280958622,2766.51411878448,470.26895680099636,55.18881102399577,819.9957675524587,291.17221758157234,379.7339908973026,735.1188107581839,2908.610140763437,589.9391654971281,76.58875929158812,1540.5028779163463,360.6246745645784,203.05377708425618,287.2484944203418,1303.9543155762483,380.4523276203926,12.569459004372327,379.2231703519636,145.67263213506388,218.24012223701573,333.74113689492367,1525.1960415648591,250.8574309090538,29.018032981048574,857.842793260996,214.81475232317814,253.3793589488951,452.4590297118052,2023.1742908459853,329.8901197541912,45.36494180570851,756.074079055657,228.5415602241476,271.391500877305,437.508944382664,1744.2172287925625,346.6246291575575,60.66430168745508,866.9452564887184,177.50306995448113,319.3055771116882,779.2365934750148,1935.8539365459028,322.9982553005384
2016-07-04,308.8855427326775,605.2411309858877,2464.782428990811,514.7800459946195,44.42981651755867,772.4059501938005,275.0848800570903,451.8198067167607,1845.5650447017397,2767.321463338544,374.4071613504062,55.417814079071,835.9127457515802,299.59344218540423,379.65215783478845,726.0438201031646,2870.613998883893,589.6436565155332,76.6163813175204,1701.133893071255,343.86146589096376,225.32247837282674,277.8218054315832,1303.9548566147275,355.53162850517634,12.511134406995723,386.4175672376957,145.38324338039908,218.27332490307148,313.0019971094744,1584.74682269712,250.8574309090538,29.66620471704224,857.5626384153927,214.8113078894701,247.43497695104008,449.48171662254833,1986.9910973866918,329.8901197541912,45.36880086268725,753.3686305588587,228.07770251864522,261.0278097666686,428.78158661237626,1709.9073412864475,324.53594863731655,60.68447784790712,837.8661125715495,177.5798796102079,324.84587169456853,778.4187972702417,1600.3924903535008,312.27743011045965
2016-07-05,308.39635099686814,689.3663872829505,2584.9754634074056,470.15498756511784,43.51897780575469,787.0025071826328,275.0848800570903,451.7795787874724,1895.5956317681214,2768.128807892608,374.38494063024245,53.38029117667498,750.8726634819106,281.2622484641634,379.56862024113,641.6228555004058,2787.24021635929,589.8129257396166,76.64390785058616,1681.9097125916603,334.7392398905512,229.5401427091321,281.9862252918862,1303.9549678921453,379.62245229463406,12.255567203497863,430.10883716964366,145.62640019668348,218.3065276205574,366.7907517635817,1633.8781467542913,250.8574309090538,26.71188824266852,857.886215618449,214.81194582764982,238.18751081055592,452.79924961788544,1986.6076796374214,329.8901197541912,45.558164415040416,755.8594934835041,228.019617611808,262.59864012190104,435.7332533821129,1701.6132238955993,371.89294469667294,60.70465400835916,862.5215104505224,177.63500110489275,323.66365890971576,777.6823322793591,1367.7548282209295,317.2067302972624
2016-07-06,308.31878741004334,622.6285609928844,2291.7838880000777,484.50287184293705,43.03035578526066,797.3596163835946,275.0848800570903,451.7393544398914,1866.093459825165,2768.936152446672,318.9707478299619,54.84225630696164,760.7979604280233,268.50042240633707,379.4854815144427,549.3510474764716,2721.6522367589478,589.9156830882199,76.67135399564413,1461.955562776009,347.5511595229339,231.57404735356886,279.5121836851427,1303.954948687607,373.5722423225604,10.967094603817275,401.1132917022407,144.97056881948762,218.33973062777437,376.87718276370714,1572.9513770559213,250.8574309090538,27.92583896899645,856.7644911912574,214.81173917865763,248.6603580302014,448.2233117067297,1960.7410678971412,329.8901197541912,45.438494716304106,756.277251007225,227.95622284110033,266.67242836613434,439.7107717793636,1714.44920817792,361.45847989581887,60.724830168811195,847.9164615397885,177.69058295951996,314.2368708861504,782.2943185705051,1301.793245102161,316.63137930854083
2016-07-07,308.62354174852305,542.5160467275592,2230.151919779531,472.6433630501716,42.65245883670122,779.9896015354715,275.0848800570903,451.69913367369884,2023.358438642381,2769.743497000736,374.8834564843425,53.09531705476264,811.3671489664558,284.7181651746042,379.4025840953322,542.8367832173611,2720.8055273237997,590.0205917339451,76.69882927556338,1360.5638193640718,339.1542177182773,207.64918294814208,273.15285051498915,1303.9549025967149,392.99115693144165,27.044375892455776,399.75958679185555,145.17941527278444,218.37293566425387,363.60167379979043,1443.586660163605,250.8574309090538,30.323651724805476,857.6744956457728,214.81166190042364,244.82848916524063,442.1989191691093,1985.3956831741,329.8901197541912,45.55209479844802,753.0743703330876,228.0134119540979,265.64830062518837,436.50786777442937,1728.9231914502136,350.34365726739605,60.745006329263234,853.459911698318,177.7258303745504,321.24574660816415,779.4667489386512,1404.1111823368774,321.38886626679647
2016-07-08,308.6139636679999,587.4281012883097,2342.983954171656,495.7485009331271,45.47771357249086,798.865689574175,275.0848800570903,451.6589164885758,2050.79730291707,2770.5508415548,400.1972583252716,55.12616045441018,881.3542765557069,306.9130897466985,379.31955438932096,580.1025316996455,2782.0090222973577,589.9920454604793,76.72627968113528,1284.3725589204375,362.75523314350437,237.9729592461135,278.376985805413,1303.9548790711553,366.63437296782445,18.40729315409296,411.1329463983499,145.17757357313351,218.4061388586285,379.8701489695129,1588.563059285377,250.8574309090538,28.18032856209849,857.5164665078756,214.81151464455118,257.76305742581155,450.6705060761679,2024.0339905965589,329.8901197541912,45.451186211844735,751.7015959909327,228.10906469601758,263.09823632764306,437.57870027405534,1746.551121116235,355.4059414762622,60.76518248971527,848.9585959825872,177.79340044072632,323.74226562799277,782.016852531243,1809.2579083697296,319.84219335353987
2016-07-09,308.8700088234294,575.2945075200388,2588.439423824218,497.5528296338712,43.781152181653404,798.5941256960845,275.0848800570903,451.61870288420334,2054.5656956931703,2771.358186108864,372.68409366921634,53.22529840540446,800.9079473748092,294.00028246499375,379.23658869946286,655.9721581983868,2857.4264679240437,590.1768257819829,76.75375284614894,1525.6238871066096,349.52938953387894,250.0457903406282,283.95659744736156,1303.9547787274423,388.47169754345464,14.822496430176903,387.20046686908375,145.29731340803335,218.4393422097883,354.7782008239858,1526.7601600410735,250.8574309090538,27.432805151114156,859.7589010037644,214.8113066225385,247.75742203568348,450.1242507717165,2025.2158281143838,329.8901197541912,45.394060191699474,761.3586987191218,228.19966560076463,266.4456199011856,434.5681475642388,1732.3443717612586,344.66270472633244,60.78535865016731,844.1710535457723,177.84202174457718,322.73974821004214,780.2785225344999,1918.4865856608342,322.1139613983535
2016-07-10,308.64473842848724,634.1632530793784,2740.773095123325,501.0342523029008,43.88226717584429,780.9698125309842,275.0848800570903,451.57849286026277,2042.5312242264588,2772.165530662928,347.76744898218664,54.12307344156046,827.038539961195,291.09749067325066,379.1537518178961,706.7065340311533,2891.29356084269,590.4284370323818,76.78120526517422,1733.7044815099189,344.1845885093282,222.7493109417314,278.61587497243016,1303.9547172729194,369.8507808858831,15.68145863081859,407.5199043388504,145.29889993517872,218.47254593440962,396.9636447624489,1580.5069648483714,250.8574309090538,28.385195219719982,860.4193326760703,214.81120806690254,240.71966034885602,445.5895145318713,2030.8357847144584,329.8901197541912,45.9787425469682,755.3469257737901,228.2286626427626,265.3206774018912,434.45775749191216,1732.1840460752596,356.60790528298025,60.80553481061935,846.1989420039058,177.88996400890832,326.6711460484816,785.2980352401887,1977.3244806053347,318.4691268007624
2016-07-11,308.8543890241379,558.5742772888952,2018.3347637935713,470.6705143314102,41.84424874005005,760.3339252360161,275.0848800570903,451.5382864164353,1970.6535585789838,2772.972875216992,378.12241138608636,52.34475070239328,783.5322486998523,285.3051328017906,379.0710347412039,712.4770224590306,2861.0185891117144,590.1069296352907,76.80869788185308,1406.1048731272983,327.72343464649475,222.3991351797974,277.89989970010504,1303.9547696052866,359.65886338292034,13.725834523274363,379.2303565393663,145.01183081153562,218.50575096206208,401.1439162595394,1681.2903398832532,250.8574309090538,26.315175852643634,859.0447338020684,214.81200345022742,251.50190704221083,445.8958787572818,1995.6320470126175,329.8901197541912,45.77746707263931,754.2517999108259,227.87381733626302,265.6372527983545,435.38391123001924,1740.8473671178735,326.66035526465504,60.82571097107139,821.1617420762425,177.9209124910001,319.0926538864036,779.2242960456143,1616.5781268394674,319.6247717618792
2016-07-12,308.5371109726601,431.1775535399468,1819.9766974415659,467.36301025178597,44.90178250670183,766.5396129351417,275.0848800570903,451.4980835524022,2025.1520135241599,2773.780219771056,359.41971296061973,53.7073691237514,748.326554141487,280.4054972628335,378.98816838163384,606.0733942986183,2791.973838802868,590.2931569873855,76.83615397594681,1354.9854879069933,352.693250526283,208.44426325081406,278.79045801095856,1303.9548334603767,381.3188987703493,16.318541369181407,387.53201570729317,145.5316095433491,218.53895625579378,388.77881592207814,1658.7963283107488,250.8574309090538,27.87068205549556,859.9622983560668,214.81143775502676,260.0811544598743,456.40840434159855,2038.2587234950213,329.8901197541912,45.25598321105521,758.395257469528,228.08468219885916,267.92046361414344,440.0979687238405,1764.296196723936,349.15550320697497,60.845887131523426,855.7315657460547,177.9938345236264,322.5640574000494,781.2188658832736,1436.6135509629935,314.2551956208549
2016-07-13,308.65509065412925,501.1697721251603,1909.120124939614,438.49764463433564,44.34991321113675,739.4496857707064,275.0848800570903,451.45788426784463,2056.2400494794083,2774.58756432512,352.4918752383727,54.15351338871952,823.7584526311533,286.43647535606596,378.90536962216703,550.9075192888245,2736.5280415371976,590.3089269414495,76.86362653969594,1202.013176569967,320.69155389396934,227.58568962859982,275.75502892449686,1303.9548685086593,383.33327227709435,22.63708273836282,363.23941881485496,145.09860799938548,218.57215909456974,356.8769804817318,1684.4345529749432,250.8574309090538,28.43094772696069,859.5164163185567,214.8117819315929,253.0357809468888,445.01233632538754,1986.8196717126532,329.8901197541912,45.98488512057043,752.2770765181558,227.92440464413866,265.9523965632019,433.8289611946479,1719.7307933063423,346.93968925362947,60.866063291975465,853.6363306658184,178.0606606159605,320.1243205043541,773.4850526646131,1280.2273738719464,314.1859158761618
2016-07-14,308.5824871736555,507.6257170250684,2190.744657068423,473.56750863666014,44.62266497588499,773.6606886624255,275.0848800570903,451.41768856244397,2038.106588589734,2775.394908879184,343.6161644254678,54.06814385935446,797.9551878716867,283.26703632772114,378.82259346155735,519.0821195069612,2734.4491394716365,590.3993122804701,76.89108942452825,1362.0569140270368,339.89282762765464,206.0863763718541,277.7168793778644,1303.954852664915,364.0080313407503,14.637082738362816,377.1184824646709,145.04765981227501,218.60536257151045,340.0158651991564,1511.8041608372532,250.8574309090538,27.755386099982598,859.3228808416362,214.81145499725673,240.86217693101176,453.47958253744156,1998.3140592002608,329.8901197541912,45.9536972674192,751.7112382873125,227.78121144524238,270.65779579970035,437.55722412380754,1723.20405494553,344.550963136167,60.8862394524275,843.8765504320736,178.10879336083528,320.8723418893456,780.5632015560228,1573.608780807803,317.69602550394256
2016-07-15,308.8330805533251,597.8048838036069,2406.035939497898,471.84282866830017,43.48599302038207,771.0388271193067,275.0848800570903,451.37749643588154,2088.5461216424824,2776.202253433248,473.63490403966455,55.54405557438257,822.6580574845682,291.17221758156643,378.7397553009441,569.1221625890814,2784.526643700198,590.5096874565504,76.91855688456805,1548.397081460007,332.5365214605015,199.23692498918155,280.90533519388896,1303.9548248183344,382.0603891865048,12.592706845907044,376.238777863813,145.35255891034146,218.63856649689203,349.5214543587249,1513.997048244754,250.8574309090538,28.535531570385196,859.9070592627681,214.8118950196378,253.3793601416337,454.7243977931571,2005.7637577734554,329.8901197541912,45.45105448316593,756.088540125608,227.99382621108296,271.04987803009277,438.8347621113947,1746.8937208704797,347.3717175837697,60.90641561287954,866.8962446425188,178.1570818390452,327.8048361919847,783.3125431966959,1791.0306812201268,322.9982553005384
2016-07-16,309.26705789933175,608.5637393245224,2462.9534930503005,516.4667590274837,44.618739704525915,772.3922706022764,275.0848800570903,451.33730788783873,2059.374617872829,2777.009597987312,353.1957591203134,55.769272881349465,838.7119899720363,299.59344218540247,378.65683083783637,657.5418462777174,2847.54945723357,590.7117815365824,76.94600293353463,1699.448998050835,345.30304734431775,222.57385559735664,277.3990661455925,1303.9547571223366,357.02822425923495,12.54833095345127,386.97196032438666,145.06446142207676,218.67177033655915,325.4508802552956,1535.2117776685038,250.8574309090538,29.158180335886886,861.8338797027089,214.81125223276442,247.4349746085307,451.7497827766424,1998.6793693295408,329.8901197541912,45.45427038310171,758.1740182551034,228.19003931026018,260.6789072036216,430.1088834874039,1712.5875769705992,324.93768615905475,60.92659177333158,837.6458825443783,178.185466801235,316.2020211819106,782.4947469919227,1931.5732566021068,312.27743011045965
2016-07-17,308.9340812942334,693.1727035779744,2580.887758624525,481.6909891379264,43.70790094938979,786.9823379729008,275.0848800570903,451.2971229179969,2080.8810505050174,2777.816942541376,361.1200165592219,53.736154532614165,753.3263067384672,281.26224846416477,378.5741602477936,726.2198439996505,2876.8634190075168,590.6141667880727,76.97346364421121,1676.6741133255334,347.25729878728146,226.45814586696193,287.9963247100058,1303.9547431990463,381.37259854054776,12.274165476725637,434.3846068805148,145.3063427519183,218.70497418035185,363.2620999076146,1574.2944904828387,250.8574309090538,26.227964975914666,862.7644111051161,214.81137128231586,238.1875120539431,455.0700138447217,2003.419649390891,329.8901197541912,45.61207445304213,756.7813469134137,228.21460938735657,262.34398527865955,437.0620294034374,1704.2897182475551,372.8673207432863,60.94676793378362,862.454264210188,178.23553588577806,316.4735660298783,781.7582820010401,1922.3137342903199,317.2067302972624
2016-07-18,308.90613168763616,625.4937197354561,2289.146967785048,485.47210223204024,43.219278974571154,797.345610012438,275.0848800570903,451.25694152603734,2074.704220682589,2778.62428709544,331.91826414371707,55.19621313416585,763.2826983562244,268.5004224063386,378.49145562868216,709.5024334782211,2852.7987966200867,590.7025665588524,77.00093084427799,1457.390391219289,339.24499907976195,228.73624845664182,279.8057374748148,1303.954745601963,375.1779679449126,10.960540867212092,402.68975122389503,144.65356888960898,218.73817804738593,364.6742333394884,1541.9347847942638,250.8574309090538,27.43759294994653,863.2687706565155,214.8113327182816,248.66035856827094,450.49677400630827,1977.7339848649199,329.8901197541912,45.512349002410964,756.776308041976,228.24142555163417,266.1894479856349,441.041026946985,1717.1294415894142,362.64071835316184,60.96694409423566,847.8295162403662,178.28514469610528,318.2675649958039,786.3702682921861,1661.12845107416,316.63137930854083
2016-07-19,308.78862704560805,544.7425087148856,2228.124816726129,470.9042752619556,42.8413820319926,779.9810221974362,275.0848800570903,451.21676371164165,2212.8843645142856,2779.431631649504,388.72382519010444,53.45001787995497,814.2588623045681,284.7181651746046,378.4087385415772,630.2722179282529,2795.6455848380597,590.7679529193582,77.02839648466974,1358.539243410143,339.8664625537284,206.78956189729118,277.5115880697912,1303.954751368963,394.7337845712475,27.050851896633326,400.90436707782715,144.86130528279287,218.77138207720142,355.9400287255942,1472.3766403916115,250.8574309090538,29.884636911770663,862.678973701925,214.81131829691697,244.82848950326667,444.47507954143003,1991.6733441163003,329.8901197541912,45.60701640328647,759.194742248242,228.2172343978227,265.37668477151726,437.83960208834776,1731.599688073446,350.8892318244907,60.987120254687696,853.3275708726235,178.35508415942553,318.17738390943026,783.5426986603322,1299.263890874336,321.38886626679647
2016-07-20,308.73526507071756,589.3403429728527,2341.389949730373,494.9009212929829,45.666636768585676,798.8605020206893,275.0848800570903,451.1765894744912,2245.6778483260127,2780.238976203568,410.7497715579952,55.48084373174359,884.414241066092,306.9130897466981,378.3260601168454,552.48920643719,2748.8039898868137,590.7661017103447,77.05586500066086,1280.7581403031593,339.1120994095146,237.18976113950708,288.7232598937671,1303.954754312536,368.06970357456936,18.41808649438888,411.1594224562942,144.85936903285284,218.80458595924873,375.72831446077316,1639.8574210105542,250.8574309090538,27.736117545303884,863.047761671143,214.81129081659657,257.7630576538579,452.9493645212309,2021.4310011347322,329.8901197541912,45.52292532323823,760.3881953372238,228.17677302202958,262.77482986283366,438.91191373427057,1749.2313522578318,356.2632586886152,61.007296415139734,848.7348539728873,178.3927069906042,321.9311646681929,786.092802252924,1321.8078137291811,319.84219335353987
2016-07-21,308.7835450706723,577.8949157349394,2588.773789012627,504.5441535018606,43.97007537791474,798.5954425043705,275.0848800570903,451.1364188142676,2243.4186976181913,2781.046320757632,368.8570572469986,53.58072180335853,803.6301671090843,294.00028246499335,378.24339348147873,541.2958174091546,2745.9308344578085,590.911480799652,77.0833301362715,1527.2207935052002,332.91923289691556,248.43182394063427,288.7073777335394,1303.9547668677756,390.21356140045674,14.796592413466701,386.1186475365435,144.9784283427586,218.83778985387286,371.6652423794154,1533.399716761356,250.8574309090538,26.97732879915912,863.0001620772106,214.81125199633453,247.75742221953774,452.40580728952176,2021.436283587619,329.8901197541912,45.475319973590665,754.1988035602996,228.13844858740705,266.28437397529603,435.90284017075106,1735.0208706530093,345.5823551320733,61.02747257559177,843.8679698208391,178.44927505553989,312.86929473277206,784.3544722561809,1416.9576815493888,322.1139613983535
2016-07-22,308.8668073408463,637.5800173997615,2742.337589494491,497.74608898831303,44.07119037365928,780.9727881557324,275.0848800570903,451.09625173065234,2241.021068983946,2781.853665311696,345.9337585575933,54.4782939430985,829.8812401386193,291.0974906732506,378.1607297627155,588.3409777923733,2786.8756183863475,591.0215749251112,77.11079848669964,1736.8958234905417,343.6729096064077,219.59595976964536,283.8909295658997,1303.954774557109,371.4392484499186,15.683617298877772,405.33808772628436,144.9799038521856,218.870993778455,427.7693260899566,1588.6712532942422,250.8574309090538,27.95305081006625,862.8805993739844,214.8112336042636,240.71966047689568,447.8737691224188,2014.5484665072831,329.8901197541912,45.96255868655905,758.4973689548839,228.12618275801606,265.08445204753957,435.79392924472137,1734.8642749497158,357.55237543114754,61.04764873604381,845.9475036008996,178.50652203354707,327.8466229739103,789.3739849618697,1838.08811418691,318.4691268007624
2016-07-23,308.84155755413786,561.5880223647531,2018.4948929066948,468.06130461041516,42.03317193600781,760.3325876284822,275.0848800570903,451.05608822332704,2152.6952355391613,2782.66100986576,376.91722921775784,52.70073072777015,785.9782538108034,285.3051328017907,378.07807018838685,671.6691237440899,2839.5182670326826,591.0011425278312,77.13825999596399,1406.098293253682,347.16855970600307,220.96358214167765,278.92959987726016,1303.954768009161,361.08131821185094,13.734469195511098,378.9168761460049,144.69411501097142,218.9041978075624,415.3323528730289,1667.726534840726,250.8574309090538,25.85071147381033,864.3262336844917,214.81138203561804,251.50190695484565,448.1828314205716,2016.3637411991565,329.8901197541912,45.794827948734216,759.5049781186752,228.2762833093077,265.08236102756473,436.7215621291254,1743.5238682753873,327.05594180205856,61.06782489649585,820.5947851032038,178.5807596292747,326.3160847588521,783.3002457672953,1941.2868839456467,319.6247717618792
2016-07-24,308.94064314298674,433.5661332698049,1820.1514923287536,462.52003286958234,45.09070570301605,766.5367194383442,275.0848800570903,451.01592829197307,2190.1919722537737,2783.468354419824,356.5631720034004,54.06313227406665,750.5287724310388,280.4054972628336,377.9954515847529,732.8543657123361,2864.8435690649676,591.0777003854602,77.16572774471278,1354.1583611356673,331.8772017929054,205.989686516545,281.2776716495044,1303.954760019463,382.9419527705912,16.316382701122222,387.65960997705787,145.21128518101878,218.9374018580139,382.01468550046275,1636.3222747787136,250.8574309090538,27.414728435315528,864.5468723484053,214.81127646777145,260.08115434333104,458.6980550776305,2051.505195472566,329.8901197541912,45.36025501521769,757.0061430607757,228.18708688612278,267.72730586949876,441.4370987692436,1766.9764233340056,349.7967112049505,61.08800105694789,855.5794856595967,178.6130314906263,322.4405502158615,785.2948156049546,1977.5574259583302,314.2551956208549
2016-07-25,308.7878325177545,503.0187392625526,1908.5562150153999,432.4069171565057,44.53883640724413,739.448187329433,275.0848800570903,450.97577193627217,2218.2601282975616,2784.275698973888,349.60208304887766,54.508979358291924,826.4972564449818,286.43647535606596,377.9128442619807,696.2373416028942,2845.7659444638607,591.1181202826441,77.19319282427071,1198.6735903889419,357.9663431353418,226.3424998194031,281.19154258752974,1303.9547556341402,385.009385596318,22.632765402244456,363.6270992497889,144.7802673454375,218.97060571153614,344.02670015928487,1645.2196187194688,250.8574309090538,27.9804648919964,864.7044238120479,214.81134069666874,253.0357808220864,447.3046851341618,2005.130548624789,329.8901197541912,45.96767753436094,761.3759326218741,228.254884737419,265.8554353222077,435.16957038634797,1722.4072967268676,347.81148857193114,61.10817721739993,853.5115759707378,178.65139815710674,321.20042953478776,777.5610023862941,1629.1151215352606,314.1859158761618
2016-07-26,308.6988251169817,509.19671681436256,2189.348227305734,470.69122021276695,44.811588171976,773.6571779507049,275.0848800570903,450.935619155906,2222.834155492032,2785.083043527952,355.00533421973495,54.42376255309767,800.5024592025247,283.2670363277211,377.83025437502204,637.2074298754925,2798.4772458504385,591.1590405341728,77.22065961867204,1357.8506792224432,352.91505640622796,207.5577151985731,284.08307498919044,1303.9547576165464,365.4758683718844,14.632765402244448,377.4490298270012,144.7294614611905,219.00380961625004,340.0089410654652,1559.7401105891554,250.8574309090538,27.298793294957374,864.9335247780265,214.81127968544962,240.8621767905138,455.774629418958,2010.1390381306028,329.8901197541912,45.94168747409337,762.0292632699151,228.31545585869875,270.53152435975295,438.8993124618045,1725.884279293963,345.1419134944898,61.128353377851965,843.6117563604274,178.70845469004087,321.9831666676282,784.6391512777038,1469.214505144933,317.69602550394256
2016-07-27,308.6984181943356,600.9712674714905,2404.874073316045,482.0048744401266,43.674916218100854,771.0374300156099,275.0848800570903,450.89546995055616,2276.354159801518,2785.890388082016,480.1783452770428,55.899199344930594,825.3206608201672,291.17221758156643,377.74769349865954,548.8266977502777,2758.9295042271924,591.2320344121962,77.24812558555703,1544.811615036486,361.2988950837665,201.01709408720797,286.5025663156668,1303.9547611007756,383.61610662200667,12.581913505611126,375.82008514538063,145.03278776549223,219.03701355693656,363.29072634780607,1567.844698127117,250.8574309090538,28.078166165349334,864.5686194235902,214.81136180072153,253.37936006581162,457.0221427474158,2002.6506285600606,329.8901197541912,45.52281554928295,759.3739046145168,228.22551922157587,270.71161060513435,440.17832959568864,1749.5702265512678,348.10331356384205,61.148529538304004,866.7415379367457,178.76535551863995,320.5679054429387,787.3884929183769,1314.6043186840857,322.9982553005384
2016-07-28,308.5669751615713,612.0159190807854,2463.7529171677324,512.9917548477429,44.80766290175686,772.3950583704366,275.0848800570903,450.85532431990447,2250.754207455577,2786.69773263608,349.87417386082245,56.12534714933415,841.6329525974531,299.59344218540247,377.6651649547538,518.3850847522815,2755.588053793413,591.3272799585178,77.2755950906304,1701.8102213944715,346.40968228523667,222.68715415864858,277.77209311897786,1303.9547695710569,358.47295927186065,12.5310616089778,386.53467184877746,144.74597565616324,219.07021749074732,338.74779949573957,1542.2859638046923,250.8574309090538,28.722254261322828,864.4503887692503,214.81124184632566,247.43497475744337,454.05022580364334,1988.6939171127478,329.8901197541912,45.5254954844858,758.2525774622956,228.14252053505618,260.3479562419483,431.45393011799473,1715.2677990601421,325.3310928109497,61.16870569875604,837.3198523323238,178.84215615690042,325.90622910001844,786.5706967136038,1443.2108144378485,312.27743011045965
2016-07-29,308.76876028197967,698.6074679689206,2582.674485931915,468.5043928987274,43.896824148115,786.9864482623497,275.0848800570903,450.81518226363255,2277.3022581333116,2787.505077190144,361.27503247343907,54.091505739070314,755.9474386045858,281.26224846416477,377.582622178096,572.0015653501886,2789.04087377537,591.3815740436427,77.30306244082855,1681.606676426973,337.9902572034079,226.62628230052314,282.69298700285987,1303.9547713131715,383.0713629701887,12.265530804488902,431.8019994972792,144.98658798332735,219.103421424889,376.1664099829397,1586.2661102773,250.8574309090538,25.787164337295813,864.4722190699797,214.8112640628917,238.18751197490133,457.3731549444649,2002.3152092960916,329.8901197541912,45.65699979871125,759.4593486018707,228.13212732412765,261.92219307897403,438.4085551803252,1706.966226185861,373.8214910584256,61.18888185920808,862.2811124596603,178.89727671074425,324.74114370815107,785.8342317227211,1788.5117997560217,317.2067302972624
2016-07-30,308.79379727065844,629.9479388074773,2290.299560157994,482.82083210300055,43.4082021717213,797.3484643751199,275.0848800570903,450.77504378142226,2260.400922363592,2788.312421744208,326.2564524910068,55.552027631049484,765.8361443259666,268.5004224063386,377.50010457012604,671.7571207821279,2832.994327505386,591.4283334454151,77.33052817879181,1459.5734636028924,349.4858537018673,229.00507646732018,279.54670434182697,1303.954771012513,376.7327862533596,10.963583588803424,401.79931722186933,144.3368572352346,219.13662536089504,356.7750020213174,1536.6340897395437,250.8574309090538,27.006851328360412,865.00250715976,214.81125686622104,248.660358534066,452.8026131787937,1980.7681727136223,329.8901197541912,45.57389467344294,759.7373083690771,228.12078401207626,265.9886811261803,442.3890318701696,1719.8096614228107,363.7984406154431,61.20905801966012,847.6365601054408,178.95285745309337,315.4465529807758,790.4462180138671,1979.4677634781951,316.63137930854083
2016-07-31,308.7590770333089,548.4759374510919,2229.0108592788047,471.00714922910504,43.030305228936506,779.9827705833707,275.0848800570903,450.73490887295526,2393.315555292492,2789.119766298272,381.3404397088789,53.805742714590515,817.1455112651038,284.7181651746046,377.4176091752404,713.6703021239348,2854.835558162936,591.4769272852899,77.35799447376098,1358.269057878757,341.66401080915665,206.4701963249389,273.66541920938204,1303.9547702909324,396.42597501756666,27.047845264093194,401.4866988128562,144.5434892545615,219.16982930995894,349.090243704215,1451.1547935147585,250.8574309090538,29.435565538167015,865.3262385209621,214.81125417496185,244.82848948177843,446.7836167866577,2000.4649802042582,329.8901197541912,45.65278472765412,758.393117168029,228.13101693740168,264.97184669096845,439.18908615782937,1734.276198266528,351.42349274833833,61.22923418011216,853.0891138861164,178.98811132834805,322.37179142169265,787.6186483820132,1826.9899757517835,321.38886626679647
2016-08-01,308.7761442624865,592.6180943101336,2342.0866857753213,494.0306082060482,45.855559965501875,798.8615591938081,275.0848800570903,450.6947775379134,2426.4803106582426,2789.927110852336,411.2118689551346,55.83672186812791,887.4384843806426,306.9130897466981,377.33512899060975,711.2623505109286,2839.7555386231625,591.5516266445233,77.38546023994836,1280.3474092941983,363.71648600063406,239.4783884010644,279.5936629130898,1303.9547699226257,369.4550627667637,18.41307544015533,412.0326914800584,144.54145924590915,219.20303324716932,372.958460258436,1617.032940753975,250.8574309090538,27.29739420253024,865.643475868988,214.81124904669093,257.7630576393611,455.26059983920084,2033.8673774293673,329.8901197541912,45.582708335977756,757.868866705658,228.14813221186444,262.4203413256592,440.2628769500491,1751.9115698378223,357.10279762959715,61.2494103405642,848.404890477065,179.05567581786124,324.8831228252378,790.168751974605,1660.5174397580436,319.84219335353987
2016-08-02,308.7058107735453,581.0916785810233,2588.627638680227,495.8150911389383,44.1589985748252,798.5951741516052,275.0848800570903,450.6546497759785,2442.4610367546234,2790.7344554064002,376.9562011995967,53.93680342042052,806.3038423191471,294.00028246499335,377.25266768993316,640.388655690776,2800.6463725809754,591.5808762011166,77.41292651578975,1526.1949072628738,350.9404377688994,248.76857518911035,284.5152686722328,1303.9547683516848,391.9059153204549,14.808618943627225,386.1149706188653,144.65984164660702,219.23623718538857,377.96956602373933,1561.0581943012205,250.8574309090538,26.552076028511777,865.4536449293879,214.81124180220402,247.75742220785017,454.71974068023394,2020.8380883832751,329.8901197541912,45.54303693305956,762.2863212112042,228.16434355427032,265.7733848882585,437.25528253282647,1737.6973830981287,346.48293465689085,61.269586501016235,843.4585592844738,179.10429860152843,323.7856544370165,788.4304219778619,1313.1705602973707,322.1139613983535
